data_kind,size,n_ms_introsort, n_ms_quick_sort
random,1000,260166,469083
random,1100,199959,383875
random,1200,220917,425166
random,1300,245000,408834
random,1400,227583,436500
random,1500,246834,438208
random,1600,244875,465708
random,1700,260750,675583
random,1800,392833,676708
random,1900,401958,720875
random,2000,445125,762209
random,2100,462375,748833
random,2200,418250,715959
random,2300,428084,741916
random,2400,329125,343250
random,2500,501750,823958
random,2600,717250,502334
random,2700,232292,752292
random,2800,448084,792500
random,2900,467042,809042
random,3000,338334,458334
random,3100,436542,755417
random,3200,452041,775791
random,3300,480958,805542
random,3400,480917,821625
random,3500,447834,760709
random,3600,464250,795041
random,3700,477708,813292
random,3800,487708,825125
random,3900,468292,794583
random,4000,479875,820458
random,4100,503084,841500
random,4200,502084,825292
random,4300,489500,853500
random,4400,507625,837000
random,4500,501417,856500
random,4600,505875,830916
random,4700,493000,883959
random,4800,514000,865500
random,4900,527375,900750
random,5000,511750,866667
random,5100,528209,872292
random,5200,527458,905625
random,5300,552625,890875
random,5400,530625,900167
random,5500,548458,909250
random,5600,541083,884916
random,5700,545375,924500
random,5800,564834,933917
random,5900,556750,895708
random,6000,557375,905083
random,6100,564958,936208
random,6200,565666,965125
random,6300,590166,959000
random,6400,574583,969041
random,6500,592667,970625
random,6600,579917,987209
random,6700,590292,987125
random,6800,593084,987750
random,6900,598000,977750
random,7000,611875,1025750
random,7100,616625,1008667
random,7200,633042,1050292
random,7300,654750,1066792
random,7400,650083,1086208
random,7500,671542,1112166
random,7600,667000,1117042
random,7700,680708,1143541
random,7800,691000,1142250
random,7900,701459,1154667
random,8000,725459,1195792
random,8100,720541,1184791
random,8200,721125,1211208
random,8300,755500,1241625
random,8400,743708,1264125
random,8500,772834,1250542
random,8600,773458,1263500
random,8700,800250,1272417
random,8800,794333,1323166
random,8900,792166,1321666
random,9000,795250,1335500
random,9100,827459,1341708
random,9200,828542,1389625
random,9300,826250,1403792
random,9400,885583,1397250
random,9500,850125,1428334
random,9600,882291,1459875
random,9700,882500,1454833
random,9800,872458,1473958
random,9900,894750,1473792
random,10000,929833,1463208
random,10100,900125,1497958
random,10200,938625,1566584
random,10300,948542,1542417
random,10400,943333,1556084
random,10500,951083,1588958
random,10600,978292,1573750
random,10700,982667,1603375
random,10800,1014542,1651750
random,10900,997083,1668500
random,11000,1011125,1646167
random,11100,1009625,1663041
random,11200,1025417,1661792
random,11300,1064584,1728917
random,11400,1156625,1850250
random,11500,1123500,1914416
random,11600,1231584,1738334
random,11700,1077208,1829208
random,11800,1114791,1809042
random,11900,1729750,1874208
random,12000,1130625,1788250
random,12100,1136542,1877042
random,12200,1201666,1982291
random,12300,1211708,1815417
random,12400,1079375,1883333
random,12500,1111792,1937000
random,12600,1159208,2008167
random,12700,1215042,1949750
random,12800,1079167,1913584
random,12900,1227959,1970209
random,13000,1263917,1970375
random,13100,1272000,2005833
random,13200,1310500,2016875
random,13300,1310000,2028250
random,13400,1348458,1929666
random,13500,1257958,1920834
random,13600,1258333,1988917
random,13700,1286042,2033958
random,13800,1284833,2225666
random,13900,1343875,2156584
random,14000,1335208,2153875
random,14100,1218083,2004208
random,14200,1308792,2207375
random,14300,1322792,2178542
random,14400,1322209,2168417
random,14500,1370916,2223541
random,14600,1339875,2213125
random,14700,1363667,2255459
random,14800,1380375,2235750
random,14900,1420167,2261125
random,15000,1450959,2264000
random,15100,1404833,2265125
random,15200,1412750,2341292
random,15300,1448750,2302458
random,15400,1508375,2372708
random,15500,1439375,2381708
random,15600,1483375,2389625
random,15700,1465834,2378917
random,15800,1500917,2392542
random,15900,1519750,2410625
random,16000,1477750,2431083
random,16100,1552625,2473917
random,16200,1535250,2473250
random,16300,1548250,2489708
random,16400,1547750,2525666
random,16500,1651375,2553041
random,16600,1513750,2487000
random,16700,1480625,2552208
random,16800,1576916,2649458
random,16900,1559125,2499625
random,17000,1699417,2643792
random,17100,1627750,2709000
random,17200,1701792,2734708
random,17300,1715750,2711833
random,17400,1723750,2691208
random,17500,1597916,2758667
random,17600,1546291,2719042
random,17700,1839709,2730541
random,17800,1723958,2873625
random,17900,1640333,2734958
random,18000,1823833,2843667
random,18100,1788084,2901125
random,18200,1612875,2725375
random,18300,1833708,2873916
random,18400,1792375,2943167
random,18500,1719750,2883042
random,18600,1754792,2972625
random,18700,1725833,2927750
random,18800,1770125,2944334
random,18900,1782000,2946666
random,19000,1789500,3049500
random,19100,1835709,2971750
random,19200,1928667,3001958
random,19300,1848208,3101250
random,19400,1876375,3062667
random,19500,1892125,3099541
random,19600,1900708,3133875
random,19700,1894875,3128417
random,19800,1931709,3133709
random,19900,1995542,3204708
random,20000,1955875,3195542
random,20100,1940208,3224708
random,20200,2039041,3329625
random,20300,2002500,3358208
random,20400,2030125,3213375
random,20500,2056541,3277834
random,20600,2076209,3348292
random,20700,2113750,3406375
random,20800,1859250,3295542
random,20900,1923833,3124042
random,21000,1978250,3234958
random,21100,2047959,3370792
random,21200,1919791,3284500
random,21300,2198250,3320583
random,21400,1998667,3146084
random,21500,2058083,3403750
random,21600,2093542,3502667
random,21700,2056209,3353042
random,21800,2175333,3435292
random,21900,2155958,3510833
random,22000,2209459,3448375
random,22100,2195958,3497125
random,22200,2239250,3440792
random,22300,2349209,3675583
random,22400,2208958,3551167
random,22500,2208667,3534084
random,22600,2246083,3585500
random,22700,2131834,3300375
random,22800,2152750,3483250
random,22900,2237958,3583667
random,23000,2245583,3646958
random,23100,2261250,3621792
random,23200,2348000,3640209
random,23300,2315125,3739125
random,23400,2305709,3952417
random,23500,2349583,3640459
random,23600,2247625,3743792
random,23700,2332584,3827167
random,23800,2416041,3867583
random,23900,2498166,3897333
random,24000,2372083,3702625
random,24100,2344875,3760208
random,24200,2452375,3967709
random,24300,2456167,3928500
random,24400,2485208,3931958
random,24500,2499583,3913209
random,24600,2526458,3941458
random,24700,2542583,3891917
random,24800,2461833,3737500
random,24900,2563542,3952167
random,25000,2482083,3995625
random,25100,2517291,3979666
random,25200,2505334,4046375
random,25300,2520417,4017334
random,25400,2499000,4057208
random,25500,2573917,4049084
random,25600,2564500,4092833
random,25700,2569042,4098958
random,25800,2562833,4107084
random,25900,2590417,4053417
random,26000,2574875,4157416
random,26100,2575791,4123333
random,26200,2641209,4305167
random,26300,2718917,4311458
random,26400,2653583,4313292
random,26500,2565875,4007875
random,26600,2678917,4524834
random,26700,2590042,4447375
random,26800,2709250,4440083
random,26900,2628542,4285541
random,27000,2775583,4436041
random,27100,2655834,4298709
random,27200,2663584,4362625
random,27300,2665375,4374708
random,27400,2743166,4444666
random,27500,2847875,4351167
random,27600,2768750,4444916
random,27700,2757333,4503084
random,27800,2795500,4522375
random,27900,2828459,4571042
random,28000,2823083,4552125
random,28100,2836250,4598459
random,28200,2836875,4599500
random,28300,2866208,4769416
random,28400,2880125,4680625
random,28500,2854709,4825667
random,28600,2954125,4731167
random,28700,2913958,4763917
random,28800,3013125,4801708
random,28900,3099000,4707334
random,29000,3003125,4402042
random,29100,3017458,4493125
random,29200,3111750,4763500
random,29300,2754125,4707584
random,29400,2853417,4597917
random,29500,2857167,4617084
random,29600,3001542,4803334
random,29700,2932500,4931292
random,29800,2830542,4799541
random,29900,3147625,4675208
random,30000,3108000,4652416
random,30100,3085458,4751083
random,30200,3102333,4801667
random,30300,2954333,4678584
random,30400,3019042,4814500
random,30500,3076584,4865625
random,30600,3031833,4839583
random,30700,3073000,4876792
random,30800,3105167,4876083
random,30900,3122125,4934834
random,31000,3138083,5046916
random,31100,3264375,5043125
random,31200,3236750,5106875
random,31300,3284459,5072875
random,31400,3314833,5084750
random,31500,3012708,5036917
random,31600,3361834,5279209
random,31700,2891459,5072042
random,31800,3208208,5243375
random,31900,3305459,5341417
random,32000,3302792,5303458
random,32100,3273333,5307041
random,32200,3271083,5222500
random,32300,3259667,5265584
random,32400,3281416,5261458
random,32500,3270417,5400250
random,32600,3319458,5304291
random,32700,3256542,5246875
random,32800,3285208,5344375
random,32900,3396708,5319500
random,33000,3345167,5386250
random,33100,3365959,5467250
random,33200,3496958,5400750
random,33300,3205833,5249125
random,33400,3396083,5633000
random,33500,3485542,5650500
random,33600,3481959,5356791
random,33700,3187625,5530250
random,33800,3557208,5609750
random,33900,3567459,5588042
random,34000,3645750,5632125
random,34100,3474000,5389875
random,34200,3496083,5659208
random,34300,3482250,5580625
random,34400,3489500,5616208
random,34500,3558417,5798292
random,34600,3538500,5617167
random,34700,3475166,5678041
random,34800,3571667,5665292
random,34900,3519583,5731708
random,35000,3597417,5658875
random,35100,3645792,5765584
random,35200,3633750,5570750
random,35300,3619334,5702375
random,35400,3670833,5887209
random,35500,3556416,5911833
random,35600,3663417,5695625
random,35700,3670375,5778583
random,35800,3640250,5930083
random,35900,3663333,5962750
random,36000,3835417,5973125
random,36100,3676083,5861584
random,36200,3646584,5887750
random,36300,3715375,5909834
random,36400,3707000,5860333
random,36500,3779291,5974417
random,36600,3780583,5958625
random,36700,3699166,5990750
random,36800,3689500,5952792
random,36900,3802084,5969375
random,37000,3958708,6167417
random,37100,3922750,5706708
random,37200,3700208,6006958
random,37300,3856917,6122917
random,37400,3784667,6027083
random,37500,3804541,6251916
random,37600,3916125,6268708
random,37700,4069041,6297833
random,37800,4021125,6171125
random,37900,3914167,6216625
random,38000,3804959,6246083
random,38100,3754458,6221917
random,38200,3895458,6267292
random,38300,3897875,6292084
random,38400,4011709,6368250
random,38500,4060458,6462875
random,38600,4009792,6365584
random,38700,3980083,6384375
random,38800,4100000,6628709
random,38900,4159875,6627750
random,39000,4067541,6271833
random,39100,3979833,6481084
random,39200,3919125,6357083
random,39300,4019625,6459917
random,39400,3988584,6492708
random,39500,4003458,6478250
random,39600,4082792,6373083
random,39700,4080166,6359000
random,39800,4190042,6460334
random,39900,4067875,6417500
random,40000,4196083,6394459
random,40100,4140959,6428750
random,40200,4137500,6449417
random,40300,4117542,6510625
random,40400,4200167,6461834
random,40500,4226250,6707542
random,40600,4315584,6823209
random,40700,3993250,6446833
random,40800,4406583,6840500
random,40900,4340750,6776959
random,41000,4173250,6593791
random,41100,4370750,6562875
random,41200,4234834,6909542
random,41300,4291875,6909834
random,41400,4319417,6854750
random,41500,4358500,6818500
random,41600,4346750,6847292
random,41700,4297167,6877375
random,41800,4297666,6764542
random,41900,4350458,6889792
random,42000,4333250,6913083
random,42100,4396292,7060917
random,42200,4483416,6886458
random,42300,4239083,6876834
random,42400,4425250,7166041
random,42500,4395541,6947500
random,42600,4249291,6945958
random,42700,4416833,7124875
random,42800,4427417,7307625
random,42900,4475250,7304833
random,43000,4502416,7143833
random,43100,4465083,7226458
random,43200,4488833,7191083
random,43300,4453208,7223292
random,43400,4490792,7190542
random,43500,4566459,7216875
random,43600,4544333,7334125
random,43700,4613000,7533125
random,43800,4559833,7136125
random,43900,4756167,7195791
random,44000,4725875,7316333
random,44100,4785125,7152208
random,44200,4562500,7300167
random,44300,4486125,7339333
random,44400,4468083,7176625
random,44500,4626416,7175958
random,44600,4683417,7181208
random,44700,4764917,7255458
random,44800,4691375,7270834
random,44900,4754834,7251750
random,45000,4773417,7210792
random,45100,4728458,7270125
random,45200,4769208,7300500
random,45300,5025416,7080375
random,45400,4617083,7220334
random,45500,4639542,7500625
random,45600,4827333,7504666
random,45700,4545125,7186292
random,45800,4728625,7288375
random,45900,4815875,7475709
random,46000,4756583,7533250
random,46100,4717959,7509083
random,46200,4693250,7520834
random,46300,4827083,7641792
random,46400,4751083,7608541
random,46500,4758166,7682542
random,46600,4797417,7694167
random,46700,4786375,7932083
random,46800,5016708,7743333
random,46900,4876792,7710167
random,47000,5091417,7822792
random,47100,5052959,7911667
random,47200,4995583,8026334
random,47300,5124459,8034625
random,47400,5167666,8057417
random,47500,4975291,7875125
random,47600,4977208,7922500
random,47700,5062042,7894833
random,47800,5080333,7926667
random,47900,4988500,7889667
random,48000,5101209,7931250
random,48100,5079750,8157875
random,48200,5349584,8078833
random,48300,5261708,8303250
random,48400,5191750,8285875
random,48500,5163375,8261625
random,48600,5263500,8367500
random,48700,5299208,7784500
random,48800,5197542,8075250
random,48900,5068208,8073250
random,49000,5063917,8146292
random,49100,5031000,8190416
random,49200,5052583,8234583
random,49300,5143250,8337958
random,49400,5233416,8377708
random,49500,5295000,8275750
random,49600,5317500,8231458
random,49700,5334500,8195792
random,49800,5324792,8529792
random,49900,5319333,8512042
random,50000,5389250,8098416
random,50100,5270375,8299041
random,50200,5404167,8131958
random,50300,5460292,8272584
random,50400,5411125,8373667
random,50500,5341792,8213000
random,50600,5359250,8269083
random,50700,5331291,8170958
random,50800,5479833,8758792
random,50900,5487167,8349458
random,51000,5422125,8564958
random,51100,5603792,8729500
random,51200,5294333,8592333
random,51300,5539166,8722250
random,51400,5371667,8271542
random,51500,5366500,8538125
random,51600,5471542,8561709
random,51700,5452625,8569000
random,51800,5533458,8658750
random,51900,5541042,8657250
random,52000,5530333,8707958
random,52100,5448083,8902792
random,52200,5587583,8859417
random,52300,5590000,8302709
random,52400,5581375,8545625
random,52500,5583792,9014667
random,52600,5673459,8436792
random,52700,5675125,8412083
random,52800,5430375,8493875
random,52900,5461916,8568750
random,53000,5458458,8576750
random,53100,5541541,8607250
random,53200,5670791,8569667
random,53300,5742291,8654875
random,53400,5810042,8780375
random,53500,5883167,8884417
random,53600,5827708,8813500
random,53700,5697583,8736042
random,53800,5691791,9169916
random,53900,5904541,8850625
random,54000,5716458,8964583
random,54100,5757917,8924959
random,54200,5746541,8888666
random,54300,5817958,8918000
random,54400,5854209,9059250
random,54500,5757833,9194291
random,54600,5824917,9016792
random,54700,5893167,9113541
random,54800,5631875,9258833
random,54900,5865833,9282875
random,55000,5630917,9223667
random,55100,5551167,9096458
random,55200,5988875,9402459
random,55300,5833125,9161041
random,55400,5872500,9286708
random,55500,5907709,9155792
random,55600,5873334,9229542
random,55700,5879958,9105791
random,55800,5655208,9145042
random,55900,5803459,9403625
random,56000,6101917,10839542
random,56100,6335500,9731625
random,56200,6320292,10073292
random,56300,6217916,9827000
random,56400,6267500,9952334
random,56500,6232917,9584167
random,56600,6266042,9573750
random,56700,6272250,9822500
random,56800,6317083,9773500
random,56900,6343458,9887875
random,57000,6274333,9877375
random,57100,6480459,9979958
random,57200,6336291,10061625
random,57300,6365250,9847625
random,57400,6318792,9925750
random,57500,6466000,9925333
random,57600,6257167,9799083
random,57700,6115083,9896959
random,57800,6105250,9785084
random,57900,6108542,9812250
random,58000,6258875,9754166
random,58100,6191542,9861166
random,58200,6206917,9872375
random,58300,6089000,10045084
random,58400,6068625,9805708
random,58500,6260417,9804000
random,58600,6373834,9684583
random,58700,6153917,9788792
random,58800,6109500,9795917
random,58900,6169375,9835541
random,59000,6138042,9768792
random,59100,6162125,9882375
random,59200,6060709,9854042
random,59300,6126584,9981834
random,59400,6423167,10198084
random,59500,6300375,9776416
random,59600,6364750,10046708
random,59700,6385166,10006542
random,59800,6348458,9802583
random,59900,6348416,9865750
random,60000,6372917,9978459
random,60100,6483875,9959416
random,60200,6418792,10022833
random,60300,6451333,10067916
random,60400,6380833,10187125
random,60500,6403125,9962125
random,60600,6217958,10191084
random,60700,6383333,10306250
random,60800,6477667,10377041
random,60900,6620500,9936208
random,61000,6536084,9966334
random,61100,6311833,10059166
random,61200,6397250,9991541
random,61300,6354459,9938167
random,61400,6382000,10061667
random,61500,6392458,10249541
random,61600,6543833,10182250
random,61700,6709209,10299917
random,61800,6528000,10697834
random,61900,6601875,10138250
random,62000,6500125,10110542
random,62100,6502166,10118542
random,62200,6630875,10531250
random,62300,6681291,10540791
random,62400,6664042,10373167
random,62500,6703958,10489500
random,62600,6871666,10781541
random,62700,6946875,10774417
random,62800,6540792,10535834
random,62900,6834958,10476917
random,63000,6699000,10588459
random,63100,7012750,10674000
random,63200,6851417,10549458
random,63300,6930042,10655417
random,63400,6910417,10871833
random,63500,6884500,10586084
random,63600,6762541,10571416
random,63700,6913500,10724250
random,63800,6821000,10950792
random,63900,6739042,10509667
random,64000,7104208,10572416
random,64100,7108583,10789916
random,64200,7023625,10487625
random,64300,6517125,10847292
random,64400,6859833,10917334
random,64500,6923750,10797666
random,64600,6855584,10727042
random,64700,6960958,10770875
random,64800,7218791,10886500
random,64900,7112000,10907625
random,65000,7090334,11057416
random,65100,6974666,10610958
random,65200,7083542,10820584
random,65300,6989583,10968791
random,65400,7030667,11065917
random,65500,6705625,10833584
random,65600,6850292,10971333
random,65700,6915708,10996291
random,65800,6584167,10966917
random,65900,7117834,11132750
random,66000,7159417,11171791
random,66100,7188042,11065750
random,66200,6813583,11271833
random,66300,6893958,10817583
random,66400,7083125,10906958
random,66500,7268458,11230958
random,66600,7208084,11140583
random,66700,7173084,11211750
random,66800,7256791,11388083
random,66900,7417250,11569917
random,67000,6986500,11555334
random,67100,7022125,11167084
random,67200,7183875,11543000
random,67300,7028250,11302833
random,67400,7303250,11353208
random,67500,7359583,11475792
random,67600,7332875,11378500
random,67700,7343458,11516208
random,67800,7407583,11789958
random,67900,7572875,11777458
random,68000,7650875,11754166
random,68100,7474542,11434084
random,68200,7328666,11542500
random,68300,7229625,11512917
random,68400,7089208,11496541
random,68500,7138417,11654417
random,68600,7187500,11730208
random,68700,7106333,11747333
random,68800,7386041,12005333
random,68900,7413375,11814458
random,69000,7462959,12005791
random,69100,7602292,11779084
random,69200,7491042,11806250
random,69300,7428708,11731791
random,69400,7488708,11660250
random,69500,7383750,11528333
random,69600,7669333,11709500
random,69700,7606209,11675666
random,69800,7567083,11580792
random,69900,7678083,12096917
random,70000,7631375,12143000
random,70100,7582708,12189916
random,70200,7388666,11840583
random,70300,7557916,11950083
random,70400,7534208,11903208
random,70500,7756958,11926000
random,70600,7564500,11929667
random,70700,7667792,12038375
random,70800,7549750,11800000
random,70900,7738917,12040625
random,71000,7867083,12016375
random,71100,7923541,12143458
random,71200,7513042,11952292
random,71300,7453084,12074542
random,71400,7564250,12024500
random,71500,7582625,11980917
random,71600,7431833,12081041
random,71700,7753375,12260792
random,71800,7994542,12470209
random,71900,7869958,12260084
random,72000,7985625,12320125
random,72100,8017709,12386625
random,72200,7821875,12262375
random,72300,7805166,12182833
random,72400,7887500,12105250
random,72500,7826000,12121917
random,72600,7809500,12347250
random,72700,8048875,12321958
random,72800,7699875,12207292
random,72900,8001375,12156709
random,73000,7927417,12126958
random,73100,7652417,12524083
random,73200,7726042,12585667
random,73300,7861500,12568875
random,73400,8005042,12626625
random,73500,7947208,12843917
random,73600,8092209,12948625
random,73700,8195500,12764416
random,73800,8007167,12436958
random,73900,8139292,12379292
random,74000,8091250,12471208
random,74100,8011417,12558041
random,74200,7985708,12568292
random,74300,8090083,12534500
random,74400,8014583,12922916
random,74500,8278167,12811958
random,74600,8217292,12888833
random,74700,8232291,12912542
random,74800,8202583,12716834
random,74900,8187917,12643209
random,75000,8175000,12606375
random,75100,8216125,12673208
random,75200,8217875,12723583
random,75300,8202417,13045042
random,75400,8436958,13095916
random,75500,8258458,12948042
random,75600,8219917,13087959
random,75700,8157833,12761916
random,75800,8246958,12878042
random,75900,8261542,12692834
random,76000,8269333,12921833
random,76100,8332834,12872750
random,76200,8397166,12895416
random,76300,8279167,12790625
random,76400,8429417,12778834
random,76500,8649208,12787750
random,76600,8270208,12844916
random,76700,8214917,12765125
random,76800,8335541,12652458
random,76900,8433208,12730209
random,77000,8286834,12992208
random,77100,8614625,13312458
random,77200,8550750,12936250
random,77300,8539875,13402166
random,77400,8585417,13150709
random,77500,8492750,12999083
random,77600,8266250,13067000
random,77700,8489542,13093500
random,77800,8471333,13213334
random,77900,8429084,13089542
random,78000,8511250,12855375
random,78100,8202833,13087750
random,78200,8292125,13479208
random,78300,8546416,13120208
random,78400,8174708,12870708
random,78500,8175834,13020459
random,78600,8321958,13047209
random,78700,8459459,13005958
random,78800,8449667,13272458
random,78900,8763291,13687833
random,79000,8862416,13832166
random,79100,8713917,13077500
random,79200,8607166,13511166
random,79300,8774375,13373833
random,79400,8663292,13351459
random,79500,8632500,13397125
random,79600,8653333,13334084
random,79700,8815791,13468041
random,79800,8604083,13586250
random,79900,8645291,13044625
random,80000,8639542,13444459
random,80100,8469250,13359084
random,80200,8502792,13695000
random,80300,8513458,13472167
random,80400,8581833,13511708
random,80500,8533208,13527209
random,80600,8686250,13532250
random,80700,9079042,14169584
random,80800,9163041,13988541
random,80900,8699541,13672416
random,81000,8755458,13613416
random,81100,8869708,13774333
random,81200,8719625,13676458
random,81300,8877333,13678000
random,81400,8878292,13708833
random,81500,8862542,14344292
random,81600,8633833,13904292
random,81700,9080833,13935042
random,81800,9018292,14184459
random,81900,9059125,13989375
random,82000,8804541,14156333
random,82100,8850542,14091333
random,82200,8955125,14224750
random,82300,9036167,14424417
random,82400,9030000,13855917
random,82500,8873125,14155375
random,82600,9083708,13675958
random,82700,9093792,13712500
random,82800,9050208,14028750
random,82900,9124834,13958625
random,83000,9129958,14060875
random,83100,9156167,14230541
random,83200,9302417,14369875
random,83300,9014959,14150416
random,83400,8795167,14061167
random,83500,8999750,14084750
random,83600,9163708,14130416
random,83700,9146875,14025583
random,83800,9258667,14010000
random,83900,9205875,14115708
random,84000,9328834,14476584
random,84100,9562375,14634584
random,84200,9426541,14290958
random,84300,9299959,14132000
random,84400,9145375,14262625
random,84500,9281250,14195875
random,84600,9366250,14331209
random,84700,9410417,14538709
random,84800,9361000,14868208
random,84900,9596125,14292833
random,85000,9319042,14612375
random,85100,9383125,14513291
random,85200,9524750,14534625
random,85300,9326250,14423833
random,85400,9382459,14594667
random,85500,9352708,15283375
random,85600,9563042,14673792
random,85700,9225292,14438250
random,85800,9524708,14210792
random,85900,9423292,14603834
random,86000,9728333,14675333
random,86100,9446750,14491750
random,86200,9487000,14628250
random,86300,9460959,14815042
random,86400,9195792,14653708
random,86500,9499500,14939625
random,86600,9510208,14647417
random,86700,9550875,14696083
random,86800,9637959,14675167
random,86900,9757791,14662458
random,87000,9618916,15028166
random,87100,9834000,14632209
random,87200,9606541,14567125
random,87300,9646084,14999125
random,87400,9474209,14712542
random,87500,9651209,14942167
random,87600,9590333,14794750
random,87700,9595042,14950667
random,87800,9865833,14611375
random,87900,9722834,14831000
random,88000,10026541,15085625
random,88100,10059083,14958709
random,88200,9729958,14629333
random,88300,9873916,14746458
random,88400,9650833,14720250
random,88500,9752166,14499083
random,88600,9747583,14635667
random,88700,10120500,15237292
random,88800,9196750,14855792
random,88900,9485542,15298417
random,89000,9514583,15047125
random,89100,9412167,15015834
random,89200,9505417,15129084
random,89300,9602792,15281458
random,89400,9618041,15312542
random,89500,9961250,15462375
random,89600,9919375,14727833
random,89700,9842959,15332667
random,89800,9362917,15001875
random,89900,10025500,14874000
random,90000,9960792,15207042
random,90100,10008916,15315583
random,90200,9883875,15244916
random,90300,10215708,15755291
random,90400,9858375,14913875
random,90500,9957292,15289584
random,90600,10030375,15425542
random,90700,10119500,15483041
random,90800,10171000,15546417
random,90900,10171875,15453833
random,91000,10067209,15811250
random,91100,10537917,15824792
random,91200,10363834,15977166
random,91300,10372000,15600541
random,91400,10194750,15585167
random,91500,10171417,15699875
random,91600,9982500,15627250
random,91700,10185125,15643167
random,91800,10041667,15604334
random,91900,10198375,15997833
random,92000,10182917,15924208
random,92100,9964083,15397417
random,92200,9774958,15445959
random,92300,9842375,15529875
random,92400,9847167,15641583
random,92500,10094250,15997333
random,92600,10303292,16260833
random,92700,9929416,15674084
random,92800,10049083,15690625
random,92900,10036208,15765917
random,93000,10033458,16058875
random,93100,9939458,16074917
random,93200,10005875,16349542
random,93300,10241875,16090875
random,93400,10797000,15915125
random,93500,10165833,15369375
random,93600,10528958,15443458
random,93700,10356625,15869292
random,93800,10387708,15972917
random,93900,10662500,16425750
random,94000,10210500,16494292
random,94100,10294458,16602042
random,94200,10086709,16226709
random,94300,10161416,16249208
random,94400,10204834,16448834
random,94500,10253833,16515708
random,94600,10256917,16584584
random,94700,9996459,16617292
random,94800,10700542,16397000
random,94900,10470292,16159167
random,95000,10046375,16038250
random,95100,10612958,15893334
random,95200,10217042,16243625
random,95300,10336500,16633417
random,95400,10591208,16308250
random,95500,10782833,16106083
random,95600,10758625,15810125
random,95700,10685125,16015750
random,95800,10632375,16058166
random,95900,10759791,15768208
random,96000,10555750,16276958
random,96100,10562917,16564458
random,96200,10520625,16613875
random,96300,10316834,16335875
random,96400,10513333,16320875
random,96500,10355084,16426709
random,96600,10366875,16383166
random,96700,10412625,16698333
random,96800,11021792,16589000
random,96900,11272125,16337625
random,97000,10844875,16142416
random,97100,10856375,16208500
random,97200,10796583,16298250
random,97300,10792208,16069625
random,97400,10709625,17066416
random,97500,10468375,16743958
random,97600,11149125,16727666
random,97700,10927041,16542750
random,97800,10940292,16823000
random,97900,10852500,16820458
random,98000,10986417,16556541
random,98100,10960084,16515792
random,98200,10727792,17073708
random,98300,10856375,16659333
random,98400,11045042,16534125
random,98500,10846041,16677459
random,98600,10998458,17087208
random,98700,10686375,17189333
random,98800,11115750,16955375
random,98900,10693750,17313000
random,99000,11065875,16922333
random,99100,11095542,16979250
random,99200,11113916,16944792
random,99300,12316458,16858291
random,99400,10902333,17106416
random,99500,10898042,17325042
random,99600,11048167,16758958
random,99700,10889875,17107584
random,99800,11136042,16976791
random,99900,11205708,16540041
sorted,1000,27292,79375
sorted,1100,30750,77750
sorted,1200,33458,84125
sorted,1300,36625,90625
sorted,1400,38833,97375
sorted,1500,42292,105583
sorted,1600,47084,115500
sorted,1700,53250,121709
sorted,1800,58417,130250
sorted,1900,60583,133291
sorted,2000,56417,145458
sorted,2100,63708,148458
sorted,2200,66583,158375
sorted,2300,66500,164209
sorted,2400,111166,174541
sorted,2500,72709,180000
sorted,2600,103959,187917
sorted,2700,80875,199875
sorted,2800,317458,202500
sorted,2900,82541,208291
sorted,3000,89084,216833
sorted,3100,91416,230792
sorted,3200,90500,233083
sorted,3300,99792,238417
sorted,3400,100000,246167
sorted,3500,115500,257000
sorted,3600,106167,259916
sorted,3700,107917,272750
sorted,3800,113083,275000
sorted,3900,115125,291500
sorted,4000,117583,287667
sorted,4100,124958,301500
sorted,4200,123292,307084
sorted,4300,128833,317000
sorted,4400,134875,320292
sorted,4500,133166,351916
sorted,4600,147583,339458
sorted,4700,147750,339625
sorted,4800,149083,344167
sorted,4900,156834,358541
sorted,5000,156833,361167
sorted,5100,154083,376375
sorted,5200,165167,378625
sorted,5300,151583,395292
sorted,5400,153916,405625
sorted,5500,179958,416375
sorted,5600,164917,430292
sorted,5700,158542,426125
sorted,5800,166792,434000
sorted,5900,165750,437750
sorted,6000,172000,447375
sorted,6100,172791,447500
sorted,6200,175125,466584
sorted,6300,175584,461709
sorted,6400,177750,482375
sorted,6500,187916,484167
sorted,6600,184708,498459
sorted,6700,186167,486584
sorted,6800,187791,493958
sorted,6900,203083,514125
sorted,7000,191417,510334
sorted,7100,229292,533875
sorted,7200,245042,552750
sorted,7300,256708,541333
sorted,7400,240541,546791
sorted,7500,259417,553834
sorted,7600,240167,557792
sorted,7700,274542,574541
sorted,7800,250916,587416
sorted,7900,256125,569916
sorted,8000,253542,604375
sorted,8100,276042,601750
sorted,8200,276917,603792
sorted,8300,282250,611625
sorted,8400,266834,629708
sorted,8500,283833,634417
sorted,8600,273958,663791
sorted,8700,272166,663875
sorted,8800,289375,683167
sorted,8900,302500,679334
sorted,9000,296416,677708
sorted,9100,342166,677791
sorted,9200,292875,688334
sorted,9300,314709,701458
sorted,9400,327000,727458
sorted,9500,373542,762875
sorted,9600,340875,745167
sorted,9700,334125,729334
sorted,9800,360333,834500
sorted,9900,341208,734750
sorted,10000,358250,828208
sorted,10100,361208,771750
sorted,10200,328208,672375
sorted,10300,316917,740375
sorted,10400,353541,743041
sorted,10500,367458,795333
sorted,10600,362125,751042
sorted,10700,385417,802959
sorted,10800,354708,763500
sorted,10900,318667,769375
sorted,11000,439958,795500
sorted,11100,376833,841209
sorted,11200,404083,825417
sorted,11300,310125,830458
sorted,11400,337875,960750
sorted,11500,328000,837875
sorted,11600,361958,901875
sorted,11700,354875,859333
sorted,11800,398709,890292
sorted,11900,409542,870750
sorted,12000,408334,932792
sorted,12100,412958,881166
sorted,12200,408083,929167
sorted,12300,451458,863625
sorted,12400,407667,975417
sorted,12500,434625,903041
sorted,12600,422000,975250
sorted,12700,368292,870667
sorted,12800,373542,973875
sorted,12900,417458,944292
sorted,13000,438666,980458
sorted,13100,484584,946458
sorted,13200,470000,1023541
sorted,13300,468875,963833
sorted,13400,473709,957667
sorted,13500,449750,1006875
sorted,13600,433458,958458
sorted,13700,410666,985917
sorted,13800,406584,1020250
sorted,13900,429167,1069959
sorted,14000,442000,996792
sorted,14100,427583,1081875
sorted,14200,464208,1024042
sorted,14300,507916,1023917
sorted,14400,389333,983333
sorted,14500,418708,1045708
sorted,14600,476208,1067291
sorted,14700,459208,1076167
sorted,14800,446625,1057709
sorted,14900,460625,1062375
sorted,15000,449583,1144458
sorted,15100,440417,1082459
sorted,15200,488167,1086333
sorted,15300,466417,1080792
sorted,15400,556292,1146250
sorted,15500,545167,1096708
sorted,15600,535541,1124875
sorted,15700,547000,1126583
sorted,15800,567500,1148709
sorted,15900,545208,1141375
sorted,16000,594875,1181375
sorted,16100,566292,1156417
sorted,16200,584166,1155375
sorted,16300,564542,1187209
sorted,16400,575083,1184083
sorted,16500,575500,1177583
sorted,16600,557875,1204542
sorted,16700,581541,1195875
sorted,16800,602959,1201000
sorted,16900,634084,1250167
sorted,17000,598958,1223083
sorted,17100,577500,1233625
sorted,17200,609833,1264834
sorted,17300,619667,1282542
sorted,17400,602583,1287209
sorted,17500,588500,1314417
sorted,17600,612875,1276208
sorted,17700,627917,1271542
sorted,17800,620792,1307000
sorted,17900,672208,1312709
sorted,18000,618334,1288875
sorted,18100,668125,1316333
sorted,18200,616666,1321083
sorted,18300,673333,1341666
sorted,18400,705500,1378917
sorted,18500,655292,1375917
sorted,18600,664125,1417125
sorted,18700,703500,1426167
sorted,18800,661083,1477750
sorted,18900,673875,1459541
sorted,19000,661458,1393292
sorted,19100,695459,1393334
sorted,19200,724375,1438625
sorted,19300,672875,1498042
sorted,19400,684875,1469167
sorted,19500,701750,1427875
sorted,19600,710834,1407125
sorted,19700,695959,1498500
sorted,19800,614709,1505792
sorted,19900,604625,1566542
sorted,20000,591167,1359416
sorted,20100,616625,1496666
sorted,20200,690083,1517250
sorted,20300,636333,1559333
sorted,20400,638000,1580250
sorted,20500,592833,1399833
sorted,20600,784375,1504167
sorted,20700,685000,1541958
sorted,20800,785292,1516208
sorted,20900,657875,1573291
sorted,21000,649750,1623209
sorted,21100,636208,1600958
sorted,21200,819167,1578416
sorted,21300,757000,1564666
sorted,21400,812958,1570375
sorted,21500,600625,1550042
sorted,21600,676166,1576625
sorted,21700,662875,1659667
sorted,21800,678625,1618250
sorted,21900,712584,1589458
sorted,22000,767959,1613125
sorted,22100,798959,1633542
sorted,22200,776625,1624625
sorted,22300,768208,1671083
sorted,22400,785917,1656750
sorted,22500,800875,1637000
sorted,22600,851708,1631250
sorted,22700,809417,1692708
sorted,22800,880250,1773375
sorted,22900,811375,1807125
sorted,23000,808625,1695792
sorted,23100,808750,1729208
sorted,23200,819833,1711625
sorted,23300,806958,1705666
sorted,23400,873459,1707792
sorted,23500,844292,1732584
sorted,23600,803958,1725250
sorted,23700,831083,1725834
sorted,23800,825958,1721500
sorted,23900,826791,1790625
sorted,24000,867916,1735708
sorted,24100,827542,1731333
sorted,24200,879792,1849417
sorted,24300,888500,1878708
sorted,24400,734166,1827917
sorted,24500,787333,1900584
sorted,24600,889375,1873292
sorted,24700,879750,1921708
sorted,24800,884125,1858709
sorted,24900,897750,1948416
sorted,25000,751459,1931208
sorted,25100,729167,1852750
sorted,25200,789125,1902583
sorted,25300,957250,1989167
sorted,25400,915667,1975625
sorted,25500,920292,1994291
sorted,25600,1054000,1870333
sorted,25700,865833,1846166
sorted,25800,877708,1917416
sorted,25900,1104125,1858167
sorted,26000,795875,1849667
sorted,26100,765625,1891542
sorted,26200,948334,1949750
sorted,26300,987792,1959125
sorted,26400,934500,2008542
sorted,26500,970542,2020500
sorted,26600,1073333,1959083
sorted,26700,1033834,2010875
sorted,26800,956834,1990250
sorted,26900,1016625,1986458
sorted,27000,960958,2011125
sorted,27100,983417,1986542
sorted,27200,951500,2030417
sorted,27300,989041,2013000
sorted,27400,1017500,2236000
sorted,27500,979208,2006250
sorted,27600,1031667,2032584
sorted,27700,1176542,2036417
sorted,27800,1055417,2071458
sorted,27900,1043791,2076000
sorted,28000,1013792,2045000
sorted,28100,1059666,2114666
sorted,28200,983792,2088125
sorted,28300,1045125,2070375
sorted,28400,983167,2120584
sorted,28500,1038792,2098333
sorted,28600,1030916,2142416
sorted,28700,1044333,2113167
sorted,28800,1054083,2296833
sorted,28900,1008167,2218041
sorted,29000,1170875,2140000
sorted,29100,1101541,2176208
sorted,29200,835584,2234500
sorted,29300,914375,2256375
sorted,29400,1114000,2193375
sorted,29500,953958,2271791
sorted,29600,1100292,2325166
sorted,29700,1100041,2278458
sorted,29800,1097375,2304958
sorted,29900,1135000,2250666
sorted,30000,1219875,2307250
sorted,30100,1197250,2474250
sorted,30200,1152625,2247666
sorted,30300,1228084,2333708
sorted,30400,1120333,2301750
sorted,30500,1150792,2347792
sorted,30600,1164500,2351959
sorted,30700,1122208,2326250
sorted,30800,1079125,2148791
sorted,30900,942917,2260083
sorted,31000,1103625,2352416
sorted,31100,1135083,2332416
sorted,31200,1165917,2340500
sorted,31300,1165875,2370250
sorted,31400,1165791,2326167
sorted,31500,1117333,2305875
sorted,31600,1156000,2359584
sorted,31700,1142916,2362791
sorted,31800,1150500,2364000
sorted,31900,1202542,2358334
sorted,32000,1180209,2420959
sorted,32100,1169792,2356000
sorted,32200,1226792,2362833
sorted,32300,1216041,2422250
sorted,32400,1254083,2384625
sorted,32500,1206625,2504333
sorted,32600,1160833,2599250
sorted,32700,1293750,2403708
sorted,32800,1270291,2513917
sorted,32900,1196000,2573750
sorted,33000,954375,2425583
sorted,33100,1231791,2525833
sorted,33200,1225208,2504291
sorted,33300,1280916,2378750
sorted,33400,1042959,2491834
sorted,33500,1284750,2599833
sorted,33600,1294209,2480000
sorted,33700,1241333,2610792
sorted,33800,1313292,2594209
sorted,33900,1163833,2538583
sorted,34000,1242792,2653708
sorted,34100,1273333,2638791
sorted,34200,979833,2527166
sorted,34300,1202500,2606708
sorted,34400,1331167,2611167
sorted,34500,1099667,2606208
sorted,34600,1149709,2589625
sorted,34700,1097125,2614875
sorted,34800,1116709,2569000
sorted,34900,1294833,2554125
sorted,35000,1290333,2613833
sorted,35100,1331208,2601791
sorted,35200,1312042,2602583
sorted,35300,1295042,2781584
sorted,35400,1290458,2834875
sorted,35500,1340416,2593875
sorted,35600,1336417,2653084
sorted,35700,1379250,2681125
sorted,35800,1302750,2685000
sorted,35900,1290250,2628750
sorted,36000,1365250,2708791
sorted,36100,1314125,2729708
sorted,36200,1360083,2695000
sorted,36300,1310417,2761875
sorted,36400,1382750,2899625
sorted,36500,1128041,2759792
sorted,36600,1356083,2815041
sorted,36700,1303416,2566000
sorted,36800,1126834,2967458
sorted,36900,1541375,3022000
sorted,37000,1283292,2790000
sorted,37100,1450500,2807709
sorted,37200,1402000,2812791
sorted,37300,1446458,2939458
sorted,37400,1448083,2737417
sorted,37500,1418750,2885000
sorted,37600,1376042,2947417
sorted,37700,1479375,2846417
sorted,37800,1386000,2919333
sorted,37900,1488917,2937833
sorted,38000,1557375,2966750
sorted,38100,1386417,2819125
sorted,38200,1489625,2870167
sorted,38300,1466250,2836250
sorted,38400,1407917,2844042
sorted,38500,1424417,2862833
sorted,38600,1488834,2875333
sorted,38700,1513625,2847250
sorted,38800,1402625,2934292
sorted,38900,1525666,2881541
sorted,39000,1442125,2893541
sorted,39100,1463583,2974541
sorted,39200,1443750,2887542
sorted,39300,1522375,2902833
sorted,39400,1515041,2999791
sorted,39500,1508125,3108208
sorted,39600,1437708,3008833
sorted,39700,1304583,3037083
sorted,39800,1339625,3078041
sorted,39900,1294833,3066625
sorted,40000,1322250,3158292
sorted,40100,1389167,3111042
sorted,40200,1540209,3115625
sorted,40300,1203375,2964834
sorted,40400,1612042,3055334
sorted,40500,1534208,3092209
sorted,40600,1287750,3143792
sorted,40700,1379875,3115708
sorted,40800,1432417,3096833
sorted,40900,1559292,3270542
sorted,41000,1581917,3124666
sorted,41100,1613708,3122791
sorted,41200,1546750,3082417
sorted,41300,1502458,3083875
sorted,41400,1560666,3077833
sorted,41500,1582291,3094625
sorted,41600,1542667,3073667
sorted,41700,1526042,3097833
sorted,41800,1588125,3167250
sorted,41900,1588792,3249084
sorted,42000,1561500,3175208
sorted,42100,1570000,3172208
sorted,42200,1564458,3220917
sorted,42300,1598375,3229458
sorted,42400,1636541,3137375
sorted,42500,1592667,3305333
sorted,42600,1634291,3386250
sorted,42700,1387958,3502750
sorted,42800,1425208,3444958
sorted,42900,1651709,3567417
sorted,43000,1302208,3205500
sorted,43100,1657125,3331166
sorted,43200,1688709,3335667
sorted,43300,1747792,3244625
sorted,43400,1700541,3281541
sorted,43500,1387708,3413416
sorted,43600,1702583,3334000
sorted,43700,1608125,3350083
sorted,43800,1715041,3338250
sorted,43900,1637958,3388375
sorted,44000,1629792,3335000
sorted,44100,1580750,3136292
sorted,44200,1385792,3286916
sorted,44300,1644042,3342792
sorted,44400,1684625,3324958
sorted,44500,1631917,3375709
sorted,44600,1734500,3352375
sorted,44700,1729709,3577542
sorted,44800,1750208,3342625
sorted,44900,1661541,3393583
sorted,45000,1729958,3403250
sorted,45100,1690708,3353500
sorted,45200,1685542,3412125
sorted,45300,1736625,3589250
sorted,45400,1734750,3607125
sorted,45500,1761542,3560750
sorted,45600,1763958,3596500
sorted,45700,1689000,3564750
sorted,45800,1453750,3516167
sorted,45900,1457500,3580375
sorted,46000,1563541,3494833
sorted,46100,1572417,3492834
sorted,46200,1594416,3562375
sorted,46300,1603333,3521208
sorted,46400,1976000,3656792
sorted,46500,1807250,3599541
sorted,46600,1540583,3455291
sorted,46700,1589250,3521833
sorted,46800,1796333,3505375
sorted,46900,1711083,3493958
sorted,47000,1863708,3559166
sorted,47100,1778916,3549542
sorted,47200,1845916,3577042
sorted,47300,1725167,3558542
sorted,47400,1814084,3586625
sorted,47500,1893208,3566083
sorted,47600,1833500,3630500
sorted,47700,1834416,3589416
sorted,47800,1731792,3604417
sorted,47900,1885208,3738542
sorted,48000,1767083,3762000
sorted,48100,1734167,3653250
sorted,48200,1831334,3719208
sorted,48300,1939917,3939833
sorted,48400,1954000,3819375
sorted,48500,1860333,3921834
sorted,48600,1945959,3865125
sorted,48700,1872500,3957750
sorted,48800,1577792,3860083
sorted,48900,1631208,4114250
sorted,49000,1607500,4132959
sorted,49100,1828500,3637542
sorted,49200,1878416,3659375
sorted,49300,1906083,3647292
sorted,49400,1881417,3719750
sorted,49500,1790583,3726708
sorted,49600,1817958,3759166
sorted,49700,1906625,3787791
sorted,49800,1865709,3740708
sorted,49900,2022667,3785459
sorted,50000,1930958,3792292
sorted,50100,1885709,3727000
sorted,50200,1910166,3746791
sorted,50300,1961375,3785541
sorted,50400,2065541,3977791
sorted,50500,2064750,3909209
sorted,50600,2059916,4002708
sorted,50700,2028334,3802083
sorted,50800,1784333,3889875
sorted,50900,1841167,3944083
sorted,51000,1986292,3848291
sorted,51100,2019625,3949750
sorted,51200,1591791,3840917
sorted,51300,1655208,3998834
sorted,51400,1663375,3958000
sorted,51500,1970042,4006458
sorted,51600,2002500,3873792
sorted,51700,1978125,3913208
sorted,51800,1948833,3935500
sorted,51900,1870750,3888333
sorted,52000,1980125,3951209
sorted,52100,2039459,4025958
sorted,52200,1949125,4069334
sorted,52300,2091875,3944333
sorted,52400,2003250,3992333
sorted,52500,2083250,3969708
sorted,52600,2034666,3983167
sorted,52700,2020000,4153917
sorted,52800,2059541,3909666
sorted,52900,1735125,4065250
sorted,53000,2100167,4065416
sorted,53100,1667375,4166708
sorted,53200,2126208,4165084
sorted,53300,2261000,4145750
sorted,53400,1983417,4170500
sorted,53500,2182958,4147292
sorted,53600,1754125,4032959
sorted,53700,2109625,4090208
sorted,53800,1992375,4109750
sorted,53900,2111833,4316583
sorted,54000,2059416,4085583
sorted,54100,2087458,4087000
sorted,54200,2017208,4054292
sorted,54300,2030041,4265708
sorted,54400,2128500,4105250
sorted,54500,2135709,4177167
sorted,54600,2069541,4088583
sorted,54700,2041417,4103583
sorted,54800,2146583,4102916
sorted,54900,2200500,4264875
sorted,55000,2157708,4319458
sorted,55100,2124166,4311417
sorted,55200,2188375,4538750
sorted,55300,2148791,4280291
sorted,55400,2359791,4336333
sorted,55500,1797084,4345958
sorted,55600,2207459,4323542
sorted,55700,2283417,4340459
sorted,55800,1961708,4354083
sorted,55900,2198833,4425250
sorted,56000,2310417,4284459
sorted,56100,2080584,4224083
sorted,56200,2104958,4203584
sorted,56300,2281292,4246459
sorted,56400,2132458,4253750
sorted,56500,2247125,4328333
sorted,56600,2217167,4277375
sorted,56700,2152791,4252250
sorted,56800,2200250,4291583
sorted,56900,2192500,4263791
sorted,57000,2228375,4344417
sorted,57100,2356209,4367042
sorted,57200,1988875,4351708
sorted,57300,2308167,4535000
sorted,57400,2256584,4552000
sorted,57500,2307750,4532125
sorted,57600,1761916,4383500
sorted,57700,2435834,4475417
sorted,57800,2319041,4509541
sorted,57900,2286666,4367458
sorted,58000,1820709,4511584
sorted,58100,2231459,4388625
sorted,58200,2367708,4762792
sorted,58300,3203917,4401708
sorted,58400,2014416,4549250
sorted,58500,2387500,4805875
sorted,58600,1942125,4741166
sorted,58700,2026750,4596542
sorted,58800,2368959,4656292
sorted,58900,1977042,4543917
sorted,59000,1971250,4455583
sorted,59100,2332250,4469583
sorted,59200,2313875,4938125
sorted,59300,2319042,4624458
sorted,59400,2406666,4586250
sorted,59500,1848125,4456708
sorted,59600,2394042,4682458
sorted,59700,2358708,4731750
sorted,59800,2328250,4605417
sorted,59900,2432125,4704250
sorted,60000,1867917,4763333
sorted,60100,1971125,4791083
sorted,60200,1977042,4570875
sorted,60300,2289458,4598250
sorted,60400,2281334,4548625
sorted,60500,2383875,4644167
sorted,60600,2235541,4538875
sorted,60700,2369208,4701542
sorted,60800,2285167,4613292
sorted,60900,2329583,4578500
sorted,61000,2338834,4695292
sorted,61100,2474292,4783208
sorted,61200,2449833,4829791
sorted,61300,2484083,4770750
sorted,61400,2464833,4846125
sorted,61500,2536375,4655167
sorted,61600,2581917,4591667
sorted,61700,2410167,4558250
sorted,61800,2119792,4834167
sorted,61900,2521667,4901500
sorted,62000,2622959,4816000
sorted,62100,2400125,4683333
sorted,62200,2353625,4687667
sorted,62300,2387666,4771041
sorted,62400,2454042,4728417
sorted,62500,2425917,4779708
sorted,62600,2448041,4802833
sorted,62700,2444375,4780916
sorted,62800,2449000,4752208
sorted,62900,2399292,4758625
sorted,63000,2577916,4932500
sorted,63100,2524666,4867000
sorted,63200,2071584,4931583
sorted,63300,2593042,4893667
sorted,63400,2557208,4991583
sorted,63500,2485917,5028125
sorted,63600,2072958,5028166
sorted,63700,2483792,4809250
sorted,63800,2086250,5048792
sorted,63900,2123834,5065709
sorted,64000,2532833,4974541
sorted,64100,2511333,4933666
sorted,64200,2518167,5002375
sorted,64300,2581917,4882750
sorted,64400,2593084,4921792
sorted,64500,2649125,4969042
sorted,64600,2586625,4851417
sorted,64700,2513584,4937917
sorted,64800,2558584,4937792
sorted,64900,2819792,5095750
sorted,65000,2615792,5114500
sorted,65100,2596500,5128792
sorted,65200,2587458,5154000
sorted,65300,2622000,5126667
sorted,65400,2593125,4875958
sorted,65500,2178709,5117542
sorted,65600,2750542,5152292
sorted,65700,2414166,5118250
sorted,65800,2579500,4995916
sorted,65900,2595000,5120750
sorted,66000,2503000,5042958
sorted,66100,2478916,5096875
sorted,66200,2623667,5087958
sorted,66300,2623292,5079625
sorted,66400,2632417,5043459
sorted,66500,2517042,5222084
sorted,66600,2662583,5051834
sorted,66700,2631292,5229833
sorted,66800,2659500,5143584
sorted,66900,2586167,5336334
sorted,67000,2670708,5292166
sorted,67100,2645542,5422250
sorted,67200,2640834,5129417
sorted,67300,2663041,5211292
sorted,67400,2727833,5240083
sorted,67500,2686250,5309750
sorted,67600,2598000,5171666
sorted,67700,2610375,5213250
sorted,67800,2652542,5136834
sorted,67900,2618083,5206166
sorted,68000,2648417,5240750
sorted,68100,2782292,5264709
sorted,68200,2690333,5240208
sorted,68300,2698583,5247959
sorted,68400,2600375,5391083
sorted,68500,2794792,5365250
sorted,68600,3017167,5314625
sorted,68700,2803125,5460459
sorted,68800,2812583,5428375
sorted,68900,2868500,5374000
sorted,69000,2207958,5422167
sorted,69100,2282500,5404666
sorted,69200,2688959,5284417
sorted,69300,2865500,5385084
sorted,69400,2743125,5364666
sorted,69500,2666875,5292958
sorted,69600,2896375,5358875
sorted,69700,2683625,5355750
sorted,69800,2672292,5379666
sorted,69900,2861500,5354042
sorted,70000,2779125,5383042
sorted,70100,2724667,5409333
sorted,70200,2875500,5593167
sorted,70300,2855709,5584042
sorted,70400,2973916,5543500
sorted,70500,2844125,5619958
sorted,70600,2801458,5507625
sorted,70700,2929500,5736250
sorted,70800,2816875,5644042
sorted,70900,2845292,5394792
sorted,71000,2243959,5698584
sorted,71100,2670833,5588958
sorted,71200,2726500,5417209
sorted,71300,2786875,5416833
sorted,71400,2828708,5368792
sorted,71500,2926791,5403500
sorted,71600,2828833,5417750
sorted,71700,2714750,5498000
sorted,71800,2758584,5481417
sorted,71900,3234750,5512459
sorted,72000,2626792,5530375
sorted,72100,2446333,6214708
sorted,72200,2476167,6174333
sorted,72300,2833166,6327500
sorted,72400,3053334,6157875
sorted,72500,2954042,5791042
sorted,72600,2955834,5845000
sorted,72700,2441375,6215625
sorted,72800,2790000,6120541
sorted,72900,2878000,6042375
sorted,73000,3102333,5994917
sorted,73100,2941292,6097375
sorted,73200,2794000,6252667
sorted,73300,2802792,6079667
sorted,73400,2975333,6182083
sorted,73500,3016250,6471208
sorted,73600,3186250,5635250
sorted,73700,3048500,5761625
sorted,73800,2657333,5727541
sorted,73900,2585917,5843791
sorted,74000,2521000,5938375
sorted,74100,2478167,5704334
sorted,74200,2450667,5890542
sorted,74300,2561041,5727083
sorted,74400,3089458,5671375
sorted,74500,2987041,5654500
sorted,74600,2955292,5709959
sorted,74700,3078500,5663750
sorted,74800,2949875,6086917
sorted,74900,2873750,5775709
sorted,75000,2859959,5718125
sorted,75100,2942833,5906334
sorted,75200,3171500,5972917
sorted,75300,2965916,5908208
sorted,75400,2984958,5795625
sorted,75500,2511834,6183584
sorted,75600,3025833,5836875
sorted,75700,3043333,5792917
sorted,75800,2404542,5909416
sorted,75900,3001542,5945625
sorted,76000,3007833,5889250
sorted,76100,3065459,5771625
sorted,76200,2382792,5767167
sorted,76300,2475542,5848833
sorted,76400,2876084,5998583
sorted,76500,3056625,5887375
sorted,76600,2950500,5961750
sorted,76700,3240875,6024375
sorted,76800,2613667,6049458
sorted,76900,2992375,6144041
sorted,77000,2935334,6100334
sorted,77100,3183667,6103500
sorted,77200,3085750,6077458
sorted,77300,3176292,6025917
sorted,77400,2791833,6900917
sorted,77500,2964417,6403542
sorted,77600,3130583,6528333
sorted,77700,3263834,6517292
sorted,77800,3058041,6533208
sorted,77900,2981709,6472833
sorted,78000,3084083,6764208
sorted,78100,3275000,6590875
sorted,78200,3003041,6847208
sorted,78300,2637917,6255833
sorted,78400,2940542,6008375
sorted,78500,2668292,6302542
sorted,78600,3226500,6245042
sorted,78700,3336583,6267333
sorted,78800,3232333,6327125
sorted,78900,3246416,6205250
sorted,79000,3226417,6191250
sorted,79100,3284833,6229125
sorted,79200,3229292,6078375
sorted,79300,3162875,6179125
sorted,79400,3195083,6113625
sorted,79500,3088292,6269750
sorted,79600,3145584,6146292
sorted,79700,3032416,6390916
sorted,79800,2943958,6318708
sorted,79900,3275084,6383084
sorted,80000,3039417,6472417
sorted,80100,3191000,6475042
sorted,80200,3258333,6384000
sorted,80300,3356584,6433334
sorted,80400,3354625,7064250
sorted,80500,3077000,6652208
sorted,80600,3277917,6801666
sorted,80700,3130000,6820458
sorted,80800,3276750,6735625
sorted,80900,3189791,6868250
sorted,81000,3411667,6717375
sorted,81100,3273917,6883667
sorted,81200,3266625,6261083
sorted,81300,2761417,6122958
sorted,81400,3478416,6331833
sorted,81500,3457083,6400083
sorted,81600,2820625,6427916
sorted,81700,2869000,6426417
sorted,81800,2747792,6456375
sorted,81900,3348541,6277000
sorted,82000,3285792,6344791
sorted,82100,3314250,6321000
sorted,82200,3270000,6425250
sorted,82300,3340250,6362042
sorted,82400,3254209,6368208
sorted,82500,3233666,6288000
sorted,82600,3522833,6504625
sorted,82700,2803625,6422250
sorted,82800,3333334,6642208
sorted,82900,2893125,6937458
sorted,83000,3434000,6625666
sorted,83100,3443458,6679292
sorted,83200,3434042,6454417
sorted,83300,3476167,6317666
sorted,83400,3561250,6439791
sorted,83500,3378958,6396208
sorted,83600,3407917,6443292
sorted,83700,3313959,6566042
sorted,83800,3277792,6468875
sorted,83900,3508084,6574833
sorted,84000,3475833,6460333
sorted,84100,3398417,6655750
sorted,84200,3431083,6725125
sorted,84300,3185084,6833708
sorted,84400,3278375,6667458
sorted,84500,3000625,6805166
sorted,84600,3390250,6729042
sorted,84700,3590250,6678583
sorted,84800,3355208,6561917
sorted,84900,3413917,6503583
sorted,85000,3325458,6521750
sorted,85100,3315500,6552625
sorted,85200,3456625,6525792
sorted,85300,3407375,6649917
sorted,85400,3580333,6735000
sorted,85500,3449125,6787166
sorted,85600,3517125,6752083
sorted,85700,3464583,7444042
sorted,85800,3508083,6594834
sorted,85900,3533750,6769417
sorted,86000,3461541,6880333
sorted,86100,3346958,6814625
sorted,86200,3376583,6621334
sorted,86300,3383375,6621000
sorted,86400,3552583,6747542
sorted,86500,3536000,6740416
sorted,86600,3571333,6738708
sorted,86700,3413167,6664792
sorted,86800,3514375,6803416
sorted,86900,2923541,6803167
sorted,87000,3537208,7112958
sorted,87100,3481542,6627167
sorted,87200,3381208,6852542
sorted,87300,3768833,6907167
sorted,87400,3493166,6935833
sorted,87500,3497333,6812250
sorted,87600,3725375,6959208
sorted,87700,3578375,6791375
sorted,87800,3540042,6790000
sorted,87900,3710875,6834208
sorted,88000,3548708,6824542
sorted,88100,3558458,6806291
sorted,88200,3628875,7058167
sorted,88300,3085250,6938750
sorted,88400,3480959,6835250
sorted,88500,3134459,6838875
sorted,88600,3457375,6896583
sorted,88700,3722167,6987917
sorted,88800,3831000,6881834
sorted,88900,3524417,7009333
sorted,89000,3605834,6944750
sorted,89100,3604334,6819459
sorted,89200,3546167,6911375
sorted,89300,3634000,6890792
sorted,89400,3444958,6858167
sorted,89500,3542208,6897042
sorted,89600,3542208,7101416
sorted,89700,3542875,7075292
sorted,89800,3771042,7348833
sorted,89900,3571583,7009708
sorted,90000,3718833,7166833
sorted,90100,3650584,7110542
sorted,90200,3081584,6877708
sorted,90300,3672875,6995334
sorted,90400,3621541,7062417
sorted,90500,3683541,6963875
sorted,90600,3663208,6980667
sorted,90700,3734709,7099792
sorted,90800,3669792,6989375
sorted,90900,3510083,7097375
sorted,91000,3663291,7146333
sorted,91100,3141625,7254083
sorted,91200,3565667,7077333
sorted,91300,3143583,7356458
sorted,91400,3089041,7406125
sorted,91500,3608750,7154083
sorted,91600,3625916,7034750
sorted,91700,3198750,7110541
sorted,91800,3613875,7155458
sorted,91900,3701500,7095542
sorted,92000,3652166,7158000
sorted,92100,3621792,7284209
sorted,92200,3707209,7333625
sorted,92300,3789916,7264541
sorted,92400,3666416,7360250
sorted,92500,3844416,7342833
sorted,92600,3741125,7464750
sorted,92700,3689083,7269458
sorted,92800,3669042,7959667
sorted,92900,3834750,7718042
sorted,93000,3685541,7852667
sorted,93100,3600916,7820416
sorted,93200,3629375,7814458
sorted,93300,3810333,7864959
sorted,93400,3631458,7330167
sorted,93500,3667583,7335208
sorted,93600,3662125,7515458
sorted,93700,3767958,7410750
sorted,93800,3723875,7411834
sorted,93900,3223542,7488542
sorted,94000,3799500,7266209
sorted,94100,3282416,7252792
sorted,94200,3630084,7463167
sorted,94300,3797916,7289250
sorted,94400,3711292,7258083
sorted,94500,3765000,7411958
sorted,94600,3829334,7277750
sorted,94700,3746917,7318584
sorted,94800,3835542,7446375
sorted,94900,4040833,8400875
sorted,95000,4029333,7599292
sorted,95100,3858542,7908917
sorted,95200,4075042,7619375
sorted,95300,3874292,7592791
sorted,95400,4055334,7362292
sorted,95500,3747208,7390666
sorted,95600,3846583,7404750
sorted,95700,3764042,7341042
sorted,95800,3927375,7452125
sorted,95900,4146916,7471125
sorted,96000,3703792,7458167
sorted,96100,3945833,7510291
sorted,96200,3377542,7847750
sorted,96300,4330542,7699625
sorted,96400,4167250,7948958
sorted,96500,3985208,7663584
sorted,96600,4001667,7634000
sorted,96700,4065750,7466458
sorted,96800,3892583,7442375
sorted,96900,3876709,7599000
sorted,97000,3898208,7520166
sorted,97100,3948917,7527708
sorted,97200,3903166,7623458
sorted,97300,3917666,7727791
sorted,97400,3238166,8535417
sorted,97500,3199625,8584625
sorted,97600,3973333,8332500
sorted,97700,3998959,7703667
sorted,97800,3936541,7859084
sorted,97900,4022959,7643083
sorted,98000,4005208,7621916
sorted,98100,3856667,7636958
sorted,98200,4024792,7696000
sorted,98300,3993334,7619375
sorted,98400,3953417,7654125
sorted,98500,3922000,7819792
sorted,98600,4066416,7951541
sorted,98700,3158958,7999958
sorted,98800,3948333,7940167
sorted,98900,3484417,7802833
sorted,99000,3923709,8571500
sorted,99100,3777209,7803375
sorted,99200,4196375,7731208
sorted,99300,3939583,7925625
sorted,99400,3965709,7779292
sorted,99500,3891208,7742000
sorted,99600,4006542,7796750
sorted,99700,4077084,7984750
sorted,99800,4077542,8034584
sorted,99900,3858709,7960958
almost sorted,1000,36458,70125
almost sorted,1100,33792,78209
almost sorted,1200,37833,97375
almost sorted,1300,72833,88959
almost sorted,1400,40875,102584
almost sorted,1500,46834,108333
almost sorted,1600,52833,129917
almost sorted,1700,82375,126209
almost sorted,1800,57500,130250
almost sorted,1900,95000,145333
almost sorted,2000,92958,156209
almost sorted,2100,68000,152959
almost sorted,2200,69375,159292
almost sorted,2300,74167,177958
almost sorted,2400,77917,174750
almost sorted,2500,79375,183375
almost sorted,2600,81542,213375
almost sorted,2700,91125,203292
almost sorted,2800,82292,194667
almost sorted,2900,96833,202292
almost sorted,3000,110583,204875
almost sorted,3100,92208,215500
almost sorted,3200,95166,225958
almost sorted,3300,100708,250291
almost sorted,3400,108958,251000
almost sorted,3500,217583,288000
almost sorted,3600,120041,283375
almost sorted,3700,116875,277459
almost sorted,3800,125375,288750
almost sorted,3900,125334,294792
almost sorted,4000,140541,331083
almost sorted,4100,131292,331417
almost sorted,4200,140250,327667
almost sorted,4300,136125,320709
almost sorted,4400,143333,334500
almost sorted,4500,149458,331709
almost sorted,4600,167625,358209
almost sorted,4700,156084,341375
almost sorted,4800,170333,336958
almost sorted,4900,146666,339250
almost sorted,5000,154750,354375
almost sorted,5100,164416,444541
almost sorted,5200,175625,414708
almost sorted,5300,182291,417875
almost sorted,5400,186875,411916
almost sorted,5500,182708,439459
almost sorted,5600,187000,428917
almost sorted,5700,189208,433042
almost sorted,5800,197083,436375
almost sorted,5900,209500,456667
almost sorted,6000,223916,480250
almost sorted,6100,209167,449209
almost sorted,6200,188667,437250
almost sorted,6300,210042,505625
almost sorted,6400,233000,513958
almost sorted,6500,243834,489542
almost sorted,6600,228417,495708
almost sorted,6700,268625,515625
almost sorted,6800,267708,542583
almost sorted,6900,273375,538584
almost sorted,7000,253041,571541
almost sorted,7100,276959,545667
almost sorted,7200,260417,536709
almost sorted,7300,266167,579333
almost sorted,7400,270292,603292
almost sorted,7500,319458,593041
almost sorted,7600,276250,627792
almost sorted,7700,269250,596250
almost sorted,7800,248542,567834
almost sorted,7900,252667,594125
almost sorted,8000,276375,632167
almost sorted,8100,277500,674584
almost sorted,8200,289875,684292
almost sorted,8300,302084,679667
almost sorted,8400,280417,670750
almost sorted,8500,287875,644791
almost sorted,8600,337458,688958
almost sorted,8700,355375,665917
almost sorted,8800,317000,677959
almost sorted,8900,325916,688916
almost sorted,9000,357584,692750
almost sorted,9100,353500,699833
almost sorted,9200,300083,665458
almost sorted,9300,304917,663125
almost sorted,9400,302000,702417
almost sorted,9500,340666,755667
almost sorted,9600,363292,749000
almost sorted,9700,375750,755417
almost sorted,9800,354500,752500
almost sorted,9900,363417,762042
almost sorted,10000,363541,789333
almost sorted,10100,364333,780000
almost sorted,10200,393500,778459
almost sorted,10300,383291,814417
almost sorted,10400,387375,801958
almost sorted,10500,422709,819833
almost sorted,10600,405625,844917
almost sorted,10700,388500,834584
almost sorted,10800,415500,830333
almost sorted,10900,402167,840875
almost sorted,11000,418250,867084
almost sorted,11100,426750,859042
almost sorted,11200,415750,914875
almost sorted,11300,426375,873083
almost sorted,11400,428541,886291
almost sorted,11500,454667,892084
almost sorted,11600,430916,929792
almost sorted,11700,436625,912083
almost sorted,11800,439208,906333
almost sorted,11900,602583,927000
almost sorted,12000,478583,938541
almost sorted,12100,467459,952000
almost sorted,12200,462167,938167
almost sorted,12300,478792,937542
almost sorted,12400,477375,964625
almost sorted,12500,486750,954166
almost sorted,12600,482917,996292
almost sorted,12700,546458,970667
almost sorted,12800,513084,1005458
almost sorted,12900,500667,1026917
almost sorted,13000,540916,1009250
almost sorted,13100,543625,1019958
almost sorted,13200,506458,1026750
almost sorted,13300,524750,1039125
almost sorted,13400,530125,1026833
almost sorted,13500,544000,1045291
almost sorted,13600,535958,1065125
almost sorted,13700,543000,1088250
almost sorted,13800,565583,1061084
almost sorted,13900,534750,1159458
almost sorted,14000,574916,1138917
almost sorted,14100,582917,1097084
almost sorted,14200,513167,1038750
almost sorted,14300,503666,1133166
almost sorted,14400,545250,1159958
almost sorted,14500,617000,1149959
almost sorted,14600,551292,1201292
almost sorted,14700,586750,1186584
almost sorted,14800,590583,1186000
almost sorted,14900,593458,1214084
almost sorted,15000,516166,1161625
almost sorted,15100,583666,1215875
almost sorted,15200,548875,1253000
almost sorted,15300,601083,1257625
almost sorted,15400,639500,1220625
almost sorted,15500,642000,1278917
almost sorted,15600,621208,1279792
almost sorted,15700,585916,1168917
almost sorted,15800,668958,1278709
almost sorted,15900,608666,1345916
almost sorted,16000,612042,1290333
almost sorted,16100,642833,1282959
almost sorted,16200,660000,1404083
almost sorted,16300,550667,1268708
almost sorted,16400,598500,1196750
almost sorted,16500,696000,1378209
almost sorted,16600,651000,1370834
almost sorted,16700,584667,1306042
almost sorted,16800,741625,1320167
almost sorted,16900,787458,1412375
almost sorted,17000,646500,1487333
almost sorted,17100,633209,1380750
almost sorted,17200,684750,1361166
almost sorted,17300,649125,1356042
almost sorted,17400,655209,1413500
almost sorted,17500,732500,1418667
almost sorted,17600,689709,1424750
almost sorted,17700,649917,1394709
almost sorted,17800,676083,1419917
almost sorted,17900,649875,1409875
almost sorted,18000,660875,1414041
almost sorted,18100,665459,1429167
almost sorted,18200,662458,1456042
almost sorted,18300,668541,1457750
almost sorted,18400,760333,1447083
almost sorted,18500,729542,1516208
almost sorted,18600,721625,1461125
almost sorted,18700,729125,1467000
almost sorted,18800,745583,1516083
almost sorted,18900,735334,1480458
almost sorted,19000,743459,1504375
almost sorted,19100,755916,1518333
almost sorted,19200,755667,1570458
almost sorted,19300,750459,1547792
almost sorted,19400,774791,1530958
almost sorted,19500,795667,1574375
almost sorted,19600,790375,1557875
almost sorted,19700,779791,1547500
almost sorted,19800,784084,1567625
almost sorted,19900,787459,1574834
almost sorted,20000,768083,1622208
almost sorted,20100,779416,1579833
almost sorted,20200,785708,1665708
almost sorted,20300,825417,1638792
almost sorted,20400,801541,1695833
almost sorted,20500,898500,1643709
almost sorted,20600,857833,1675750
almost sorted,20700,899584,1722750
almost sorted,20800,953875,1690834
almost sorted,20900,897541,1614333
almost sorted,21000,799875,1748542
almost sorted,21100,813916,1843583
almost sorted,21200,781667,1821250
almost sorted,21300,774541,1785708
almost sorted,21400,873209,1766125
almost sorted,21500,970625,1824334
almost sorted,21600,881500,1819500
almost sorted,21700,849125,1854875
almost sorted,21800,883708,1852625
almost sorted,21900,891375,1838833
almost sorted,22000,776083,1800416
almost sorted,22100,919083,1902250
almost sorted,22200,909125,1860333
almost sorted,22300,915792,1876083
almost sorted,22400,951500,1840042
almost sorted,22500,941667,1846667
almost sorted,22600,993042,1886542
almost sorted,22700,914333,1834333
almost sorted,22800,929750,1861959
almost sorted,22900,969458,1949333
almost sorted,23000,924250,1841000
almost sorted,23100,945125,1845041
almost sorted,23200,923375,1869333
almost sorted,23300,1041708,1884875
almost sorted,23400,941292,1853792
almost sorted,23500,946167,1930875
almost sorted,23600,940417,1956542
almost sorted,23700,933417,1906167
almost sorted,23800,950583,1897708
almost sorted,23900,965000,1952333
almost sorted,24000,955500,1917583
almost sorted,24100,988916,1926375
almost sorted,24200,959500,1944334
almost sorted,24300,1000542,1968042
almost sorted,24400,995917,1962875
almost sorted,24500,1004375,2002333
almost sorted,24600,1002292,1959584
almost sorted,24700,1011417,1968375
almost sorted,24800,983333,1989167
almost sorted,24900,1008417,1986167
almost sorted,25000,1005000,1993833
almost sorted,25100,984291,2020583
almost sorted,25200,1054000,2001833
almost sorted,25300,1025292,2179084
almost sorted,25400,1055125,2119750
almost sorted,25500,1021042,2188125
almost sorted,25600,1101333,2136458
almost sorted,25700,1149167,2147875
almost sorted,25800,1105792,2240292
almost sorted,25900,1052959,2225542
almost sorted,26000,893959,2229708
almost sorted,26100,1029917,2167334
almost sorted,26200,1013000,1979458
almost sorted,26300,1092000,2201375
almost sorted,26400,1098875,2174042
almost sorted,26500,1119208,2268292
almost sorted,26600,1118417,2286333
almost sorted,26700,1114125,2156333
almost sorted,26800,1069833,2280333
almost sorted,26900,1113042,2251959
almost sorted,27000,1216667,2261125
almost sorted,27100,1108834,2190042
almost sorted,27200,1125375,2314250
almost sorted,27300,1162084,2339417
almost sorted,27400,1165500,2229834
almost sorted,27500,1171250,2299042
almost sorted,27600,1115167,2246958
almost sorted,27700,1150833,2265958
almost sorted,27800,1184291,2270875
almost sorted,27900,1177042,2263625
almost sorted,28000,1206667,2273625
almost sorted,28100,1225917,2320666
almost sorted,28200,1134083,2257958
almost sorted,28300,1173458,2261542
almost sorted,28400,1151959,2306958
almost sorted,28500,1166667,2344500
almost sorted,28600,1146375,2374125
almost sorted,28700,1150709,2306542
almost sorted,28800,1182041,2300000
almost sorted,28900,1163333,2388875
almost sorted,29000,1181875,2326417
almost sorted,29100,1217625,2364083
almost sorted,29200,1287083,2368167
almost sorted,29300,1195583,2355041
almost sorted,29400,1370167,2420125
almost sorted,29500,1312333,2455542
almost sorted,29600,1036250,2350042
almost sorted,29700,1160583,2526750
almost sorted,29800,1226958,2349375
almost sorted,29900,1152500,2471167
almost sorted,30000,1295000,2535500
almost sorted,30100,1288125,2503583
almost sorted,30200,1274209,2555167
almost sorted,30300,1286542,2489292
almost sorted,30400,1276209,2549875
almost sorted,30500,1295542,2422667
almost sorted,30600,1283709,2605917
almost sorted,30700,1365750,2628541
almost sorted,30800,1393416,2491958
almost sorted,30900,1298292,2622792
almost sorted,31000,1351959,2615584
almost sorted,31100,1348791,2619125
almost sorted,31200,1335167,2589875
almost sorted,31300,1256292,2656125
almost sorted,31400,1294792,2542833
almost sorted,31500,1460042,2556042
almost sorted,31600,1322500,2567541
almost sorted,31700,1344542,2581166
almost sorted,31800,1323584,2599958
almost sorted,31900,1367959,2587708
almost sorted,32000,1292167,2716625
almost sorted,32100,1319750,2675584
almost sorted,32200,1417500,2637583
almost sorted,32300,1327750,2720625
almost sorted,32400,1405458,2632125
almost sorted,32500,1330292,2613667
almost sorted,32600,1350708,2652167
almost sorted,32700,1349375,2721583
almost sorted,32800,1337709,2654333
almost sorted,32900,1353500,2760167
almost sorted,33000,1435750,2794375
almost sorted,33100,1335083,2727416
almost sorted,33200,1296833,2777042
almost sorted,33300,1364167,2639625
almost sorted,33400,1414917,2817083
almost sorted,33500,1381667,2852458
almost sorted,33600,1303084,2739750
almost sorted,33700,1400875,2810459
almost sorted,33800,1375791,2802125
almost sorted,33900,1276334,2875959
almost sorted,34000,1561875,2836958
almost sorted,34100,1539667,2847000
almost sorted,34200,1453125,2919750
almost sorted,34300,1520250,2920791
almost sorted,34400,1368250,2900083
almost sorted,34500,1598000,2859500
almost sorted,34600,1500042,2808458
almost sorted,34700,1403041,2860417
almost sorted,34800,1452416,2821583
almost sorted,34900,1527375,2842208
almost sorted,35000,1401125,2833209
almost sorted,35100,1450667,2827541
almost sorted,35200,1430500,2912416
almost sorted,35300,1541708,2871791
almost sorted,35400,1504708,2864542
almost sorted,35500,1524250,2876542
almost sorted,35600,1539042,2916042
almost sorted,35700,1535541,2920541
almost sorted,35800,1459334,2930834
almost sorted,35900,1454250,2883542
almost sorted,36000,1519500,2925125
almost sorted,36100,1537209,3054500
almost sorted,36200,1670292,3050625
almost sorted,36300,1647666,2869125
almost sorted,36400,1408917,3096292
almost sorted,36500,1408041,3073959
almost sorted,36600,1508875,3119416
almost sorted,36700,1394625,3174500
almost sorted,36800,1619625,3148000
almost sorted,36900,1516083,3195709
almost sorted,37000,1529250,3169083
almost sorted,37100,1349750,3119792
almost sorted,37200,1745042,3171625
almost sorted,37300,1660750,3239542
almost sorted,37400,1668458,3335375
almost sorted,37500,1722500,3292459
almost sorted,37600,1575958,3117750
almost sorted,37700,1458125,3044625
almost sorted,37800,1608375,3095250
almost sorted,37900,1689667,3135000
almost sorted,38000,1594292,3148375
almost sorted,38100,1551167,3175834
almost sorted,38200,1621459,3158542
almost sorted,38300,1589750,3206625
almost sorted,38400,1653792,3116458
almost sorted,38500,1724583,3119125
almost sorted,38600,1612125,3158750
almost sorted,38700,1708083,3136583
almost sorted,38800,1634625,3190083
almost sorted,38900,1697250,3266792
almost sorted,39000,1583583,3120458
almost sorted,39100,1820958,3088625
almost sorted,39200,1497666,3303750
almost sorted,39300,1725500,3289458
almost sorted,39400,1455583,3445167
almost sorted,39500,1590792,3452000
almost sorted,39600,1636584,3339250
almost sorted,39700,1755584,3344333
almost sorted,39800,1437083,3399584
almost sorted,39900,1755208,3356083
almost sorted,40000,1533958,3430917
almost sorted,40100,1618917,3348166
almost sorted,40200,1766417,3462459
almost sorted,40300,1833917,3392166
almost sorted,40400,1731000,3308708
almost sorted,40500,1777083,3324708
almost sorted,40600,1694875,3313584
almost sorted,40700,1703333,3323083
almost sorted,40800,1721875,3359416
almost sorted,40900,1855750,3381042
almost sorted,41000,1719250,3411458
almost sorted,41100,1775209,3377417
almost sorted,41200,1815166,3399666
almost sorted,41300,1770417,3400500
almost sorted,41400,1753583,3359333
almost sorted,41500,1848083,3397000
almost sorted,41600,1825625,3449792
almost sorted,41700,1802500,3526708
almost sorted,41800,1851250,3575833
almost sorted,41900,1767916,3619125
almost sorted,42000,1798667,3597583
almost sorted,42100,1798625,3461500
almost sorted,42200,1758875,3556958
almost sorted,42300,1646208,3572708
almost sorted,42400,1800458,3659292
almost sorted,42500,1867917,3670167
almost sorted,42600,1702833,3584166
almost sorted,42700,1762208,3622875
almost sorted,42800,1839792,3714042
almost sorted,42900,1835875,3688750
almost sorted,43000,1878625,3680291
almost sorted,43100,1834333,3634542
almost sorted,43200,1862042,3556500
almost sorted,43300,1854875,3605083
almost sorted,43400,1849750,3599416
almost sorted,43500,1828375,3614833
almost sorted,43600,1833834,3595000
almost sorted,43700,1946667,3550500
almost sorted,43800,1900583,3699333
almost sorted,43900,1900250,3739958
almost sorted,44000,1918417,3606667
almost sorted,44100,1946875,3619500
almost sorted,44200,1992542,3633125
almost sorted,44300,1873291,3874791
almost sorted,44400,2010958,3808916
almost sorted,44500,1910959,3853583
almost sorted,44600,1923125,3784834
almost sorted,44700,1972708,3796833
almost sorted,44800,2011625,3937333
almost sorted,44900,2051667,3851250
almost sorted,45000,1894083,3848083
almost sorted,45100,1793459,3808834
almost sorted,45200,1664125,3729125
almost sorted,45300,1985416,3809958
almost sorted,45400,1777917,3889958
almost sorted,45500,1741625,3825500
almost sorted,45600,2055208,3780000
almost sorted,45700,1941875,3778291
almost sorted,45800,1991667,3833542
almost sorted,45900,1931875,3775709
almost sorted,46000,1974125,3782125
almost sorted,46100,1947875,3844750
almost sorted,46200,2055541,3822167
almost sorted,46300,2035459,3826459
almost sorted,46400,1982916,3904292
almost sorted,46500,2026000,3828666
almost sorted,46600,2049000,3846250
almost sorted,46700,2104042,3848667
almost sorted,46800,2138375,3966458
almost sorted,46900,2144542,3957417
almost sorted,47000,2086917,3995834
almost sorted,47100,2018708,3952084
almost sorted,47200,2099875,3929666
almost sorted,47300,2103375,3943417
almost sorted,47400,1879125,4064584
almost sorted,47500,1889292,4037625
almost sorted,47600,2086292,4091834
almost sorted,47700,2202875,4226833
almost sorted,47800,2135542,4058667
almost sorted,47900,2077042,3957542
almost sorted,48000,2024750,3936417
almost sorted,48100,2088666,3920958
almost sorted,48200,2098500,3918250
almost sorted,48300,2236125,3968083
almost sorted,48400,2077958,4013208
almost sorted,48500,2132750,4080667
almost sorted,48600,2104083,4071208
almost sorted,48700,2191708,3976959
almost sorted,48800,2088208,3998750
almost sorted,48900,2086250,4032334
almost sorted,49000,2167417,4175833
almost sorted,49100,2154834,4001041
almost sorted,49200,1953541,4154042
almost sorted,49300,2277375,4260000
almost sorted,49400,2287125,4201959
almost sorted,49500,2181584,4080375
almost sorted,49600,2207167,4298750
almost sorted,49700,2161875,4248125
almost sorted,49800,2227250,4169750
almost sorted,49900,2257375,4458583
almost sorted,50000,2195625,4481291
almost sorted,50100,2241917,4518667
almost sorted,50200,2201875,4429833
almost sorted,50300,2156167,4466916
almost sorted,50400,2107167,4487292
almost sorted,50500,2212375,4518375
almost sorted,50600,2203625,4434375
almost sorted,50700,2177958,4492875
almost sorted,50800,2270417,4496708
almost sorted,50900,2206666,4456125
almost sorted,51000,2237125,4481000
almost sorted,51100,2294458,4466000
almost sorted,51200,2350250,4717542
almost sorted,51300,2189875,4599875
almost sorted,51400,2379416,4648750
almost sorted,51500,2254541,4625458
almost sorted,51600,2521167,4726916
almost sorted,51700,2244958,4681541
almost sorted,51800,2180292,4491333
almost sorted,51900,2176209,4421542
almost sorted,52000,2004917,4185333
almost sorted,52100,2081625,4413791
almost sorted,52200,2316625,4398250
almost sorted,52300,2199584,4401250
almost sorted,52400,2465083,4349375
almost sorted,52500,2231625,4323833
almost sorted,52600,2300583,4378375
almost sorted,52700,2291416,4485167
almost sorted,52800,2416042,4427250
almost sorted,52900,2277333,4392666
almost sorted,53000,2420125,4362750
almost sorted,53100,2225875,4392375
almost sorted,53200,2275583,4463625
almost sorted,53300,2350667,4562709
almost sorted,53400,2391333,4539250
almost sorted,53500,2438917,4529833
almost sorted,53600,2320042,4780083
almost sorted,53700,2545583,4655500
almost sorted,53800,2377375,4641125
almost sorted,53900,2187125,4545292
almost sorted,54000,2499125,4616292
almost sorted,54100,2353917,4596125
almost sorted,54200,2427333,4536458
almost sorted,54300,2264292,4633583
almost sorted,54400,2436041,4610583
almost sorted,54500,2384458,4558042
almost sorted,54600,2385500,4531167
almost sorted,54700,2398209,4541584
almost sorted,54800,2479709,4542500
almost sorted,54900,2511542,4719583
almost sorted,55000,2354833,4679000
almost sorted,55100,2327250,4521875
almost sorted,55200,2376084,4613459
almost sorted,55300,2398958,4813292
almost sorted,55400,2500459,4745291
almost sorted,55500,2213458,4873584
almost sorted,55600,2247875,4721125
almost sorted,55700,2532584,4886500
almost sorted,55800,2286167,4677708
almost sorted,55900,2280584,4795792
almost sorted,56000,2215625,4650625
almost sorted,56100,2523417,4704125
almost sorted,56200,2529583,4798209
almost sorted,56300,2432125,4709708
almost sorted,56400,2450167,4731834
almost sorted,56500,2494958,4640333
almost sorted,56600,2410750,4691041
almost sorted,56700,2560875,4729167
almost sorted,56800,2542625,4719209
almost sorted,56900,2436500,4731000
almost sorted,57000,2504084,4736584
almost sorted,57100,2463625,4712917
almost sorted,57200,2542084,4743917
almost sorted,57300,2687875,4942625
almost sorted,57400,2520875,4981416
almost sorted,57500,2635958,4932166
almost sorted,57600,2628083,4890083
almost sorted,57700,2495708,5028041
almost sorted,57800,2593625,5305416
almost sorted,57900,2520667,5217000
almost sorted,58000,2744000,5309959
almost sorted,58100,2721958,5226292
almost sorted,58200,2281583,4869833
almost sorted,58300,2530042,4897084
almost sorted,58400,2640917,4821625
almost sorted,58500,2562292,4902792
almost sorted,58600,2629125,4843292
almost sorted,58700,2556292,4919750
almost sorted,58800,2606250,4854292
almost sorted,58900,2548958,4874541
almost sorted,59000,2605875,4933667
almost sorted,59100,2717334,4902583
almost sorted,59200,2653583,5027916
almost sorted,59300,2679334,5016959
almost sorted,59400,2804500,5050833
almost sorted,59500,2726417,5153167
almost sorted,59600,2427542,5389542
almost sorted,59700,2590958,5090541
almost sorted,59800,2774625,5161375
almost sorted,59900,2793125,5039375
almost sorted,60000,2809500,5027458
almost sorted,60100,2698500,5037000
almost sorted,60200,2642458,5055666
almost sorted,60300,2643417,4984792
almost sorted,60400,2807000,5047084
almost sorted,60500,2641250,5049333
almost sorted,60600,2627417,5041750
almost sorted,60700,2699250,5094334
almost sorted,60800,2787500,5056375
almost sorted,60900,2715875,5071541
almost sorted,61000,2739084,5082500
almost sorted,61100,2738250,5195666
almost sorted,61200,2838750,5137667
almost sorted,61300,2765916,5359500
almost sorted,61400,2700125,5344541
almost sorted,61500,2825958,5336167
almost sorted,61600,2742250,5197083
almost sorted,61700,2578375,5204167
almost sorted,61800,2768416,5196083
almost sorted,61900,2522375,5250375
almost sorted,62000,2940334,5188334
almost sorted,62100,2620792,5238084
almost sorted,62200,2850292,5176833
almost sorted,62300,2733833,5161000
almost sorted,62400,2799208,5187458
almost sorted,62500,2829250,5176625
almost sorted,62600,2837750,5208334
almost sorted,62700,2833000,5271959
almost sorted,62800,2737208,5190666
almost sorted,62900,2760041,5439166
almost sorted,63000,2906334,5428500
almost sorted,63100,2696375,5524833
almost sorted,63200,2834584,5417000
almost sorted,63300,2926250,5361625
almost sorted,63400,2632500,5342375
almost sorted,63500,2716417,5373125
almost sorted,63600,2881250,5536000
almost sorted,63700,2913750,5452250
almost sorted,63800,3063125,5340958
almost sorted,63900,2779375,5417959
almost sorted,64000,2967375,5368542
almost sorted,64100,2986625,5332625
almost sorted,64200,3007167,5372042
almost sorted,64300,2771875,5372333
almost sorted,64400,2786875,5383459
almost sorted,64500,2756792,5378375
almost sorted,64600,2971125,5554083
almost sorted,64700,2938750,5495959
almost sorted,64800,3313209,5550000
almost sorted,64900,2507042,5563208
almost sorted,65000,2919000,5631666
almost sorted,65100,3083584,5574125
almost sorted,65200,2786500,5532625
almost sorted,65300,2666375,5603833
almost sorted,65400,2975917,5638667
almost sorted,65500,2804042,5468750
almost sorted,65600,2935167,5503417
almost sorted,65700,3015208,5488041
almost sorted,65800,2874875,5495625
almost sorted,65900,2913291,5542833
almost sorted,66000,3015667,5466500
almost sorted,66100,3116166,5558583
almost sorted,66200,3025083,5497917
almost sorted,66300,2940250,5717000
almost sorted,66400,2946542,5837458
almost sorted,66500,2730834,5603584
almost sorted,66600,2718583,5660292
almost sorted,66700,2739000,5658208
almost sorted,66800,2963208,5751041
almost sorted,66900,2922250,5852042
almost sorted,67000,3166667,5685042
almost sorted,67100,2883958,5560709
almost sorted,67200,3005334,5550042
almost sorted,67300,2971583,5611750
almost sorted,67400,2965166,5634166
almost sorted,67500,2951875,5626750
almost sorted,67600,2882500,5726417
almost sorted,67700,3085250,5637500
almost sorted,67800,3039708,5662791
almost sorted,67900,3024167,5704625
almost sorted,68000,3024834,5813584
almost sorted,68100,3075916,5795625
almost sorted,68200,3200542,5871833
almost sorted,68300,3111958,5804333
almost sorted,68400,3090292,6275917
almost sorted,68500,3034917,6037834
almost sorted,68600,3184292,5832334
almost sorted,68700,2816000,5693917
almost sorted,68800,3133375,5792334
almost sorted,68900,3029750,5702250
almost sorted,69000,3129625,5751125
almost sorted,69100,3076916,5731792
almost sorted,69200,3024250,5822375
almost sorted,69300,3020375,5768458
almost sorted,69400,3082041,5808458
almost sorted,69500,3141666,5947666
almost sorted,69600,3106334,5907583
almost sorted,69700,3249541,5986041
almost sorted,69800,2719958,6049084
almost sorted,69900,3169084,6022542
almost sorted,70000,3368625,6101875
almost sorted,70100,3200250,5944500
almost sorted,70200,3255292,6088250
almost sorted,70300,3106666,5932458
almost sorted,70400,3197000,6061250
almost sorted,70500,3076167,5957875
almost sorted,70600,3148792,5979625
almost sorted,70700,3148708,5956791
almost sorted,70800,3153667,5973667
almost sorted,70900,3184334,5899708
almost sorted,71000,3114167,6027875
almost sorted,71100,3286250,6207416
almost sorted,71200,3341375,6077000
almost sorted,71300,3087708,6201834
almost sorted,71400,3447125,6132667
almost sorted,71500,3191709,6156084
almost sorted,71600,3196834,6088417
almost sorted,71700,3233042,6139958
almost sorted,71800,3256834,6162250
almost sorted,71900,3178834,6017125
almost sorted,72000,3164333,6066500
almost sorted,72100,3233208,5960667
almost sorted,72200,3211250,6074583
almost sorted,72300,3295750,6108167
almost sorted,72400,3282958,6081875
almost sorted,72500,3247250,6130500
almost sorted,72600,3217541,6276541
almost sorted,72700,3321917,6212917
almost sorted,72800,3498583,6223667
almost sorted,72900,3113333,6181083
almost sorted,73000,3397041,6309000
almost sorted,73100,2895375,6270084
almost sorted,73200,3352542,6292375
almost sorted,73300,3301459,6275500
almost sorted,73400,3343375,6175333
almost sorted,73500,3290417,6163542
almost sorted,73600,3290333,6194000
almost sorted,73700,3358209,6269042
almost sorted,73800,3417666,6149542
almost sorted,73900,3286042,6198583
almost sorted,74000,3286250,6208833
almost sorted,74100,3305292,6438458
almost sorted,74200,3354500,6379500
almost sorted,74300,3502750,6397917
almost sorted,74400,3397500,6319000
almost sorted,74500,3300792,6314792
almost sorted,74600,3061417,6504084
almost sorted,74700,3081625,6375167
almost sorted,74800,3002750,6305250
almost sorted,74900,2971291,6397416
almost sorted,75000,3306584,6262083
almost sorted,75100,3322667,6235667
almost sorted,75200,3409333,6466958
almost sorted,75300,3382292,6375334
almost sorted,75400,3453334,6300875
almost sorted,75500,3397833,6509250
almost sorted,75600,3534875,6571083
almost sorted,75700,3432542,6486042
almost sorted,75800,3481167,6669833
almost sorted,75900,3030625,6592667
almost sorted,76000,3413416,6610791
almost sorted,76100,3592459,6593667
almost sorted,76200,3634083,6576833
almost sorted,76300,3390125,6397250
almost sorted,76400,3342250,6408250
almost sorted,76500,3461542,6411167
almost sorted,76600,3663000,6402042
almost sorted,76700,3402833,6394708
almost sorted,76800,3345708,6434625
almost sorted,76900,3477459,6498167
almost sorted,77000,3486833,6648417
almost sorted,77100,3575875,6577083
almost sorted,77200,3547708,6682625
almost sorted,77300,3394334,6717208
almost sorted,77400,3511167,6643083
almost sorted,77500,3202167,6705250
almost sorted,77600,3772000,6707542
almost sorted,77700,3189875,6731250
almost sorted,77800,3457833,6621375
almost sorted,77900,3385834,6591209
almost sorted,78000,3449875,6647959
almost sorted,78100,3526125,6643875
almost sorted,78200,3473000,6575208
almost sorted,78300,3583875,6599542
almost sorted,78400,3599209,6930542
almost sorted,78500,3723083,6839625
almost sorted,78600,3170041,6822708
almost sorted,78700,3241375,6776458
almost sorted,78800,3194166,6800375
almost sorted,78900,3629875,6790958
almost sorted,79000,3597125,6796000
almost sorted,79100,3559167,6663625
almost sorted,79200,3548917,6573042
almost sorted,79300,3463208,6710083
almost sorted,79400,3604875,6635709
almost sorted,79500,3815958,6697708
almost sorted,79600,3770166,6699375
almost sorted,79700,3304208,6688000
almost sorted,79800,3600417,6893875
almost sorted,79900,3336875,6823958
almost sorted,80000,3730167,6958083
almost sorted,80100,3186667,6899417
almost sorted,80200,3603333,7016208
almost sorted,80300,3696708,6957958
almost sorted,80400,3606416,7044541
almost sorted,80500,3536958,6858292
almost sorted,80600,3653292,6837375
almost sorted,80700,3816334,6742292
almost sorted,80800,3543541,6875583
almost sorted,80900,3593500,6882958
almost sorted,81000,3608958,6878416
almost sorted,81100,3588625,6833875
almost sorted,81200,3633500,7071292
almost sorted,81300,3444500,6974833
almost sorted,81400,3725541,7060042
almost sorted,81500,3696083,6987041
almost sorted,81600,3478667,7038625
almost sorted,81700,3668208,7070958
almost sorted,81800,3738667,7078458
almost sorted,81900,3567916,6873541
almost sorted,82000,3792792,6971625
almost sorted,82100,3612208,6983750
almost sorted,82200,3882375,6907125
almost sorted,82300,3594625,7018417
almost sorted,82400,3715625,7083333
almost sorted,82500,3800916,7115083
almost sorted,82600,3906917,7319541
almost sorted,82700,3871583,7257000
almost sorted,82800,3737625,7248916
almost sorted,82900,4009084,7214666
almost sorted,83000,3755125,7106917
almost sorted,83100,4001875,7280166
almost sorted,83200,3672167,7017834
almost sorted,83300,3672834,7042917
almost sorted,83400,3681500,7095708
almost sorted,83500,3902667,7020625
almost sorted,83600,3701166,6912209
almost sorted,83700,3382625,7100000
almost sorted,83800,3763208,7354250
almost sorted,83900,4037000,7229834
almost sorted,84000,3820667,7227042
almost sorted,84100,3764583,7371250
almost sorted,84200,3920042,7420459
almost sorted,84300,3430375,7309791
almost sorted,84400,3842500,7376959
almost sorted,84500,3749459,7118334
almost sorted,84600,3763000,7111958
almost sorted,84700,3731959,7203417
almost sorted,84800,4023000,7162875
almost sorted,84900,3860333,7186750
almost sorted,85000,3745125,7155959
almost sorted,85100,3884500,7404709
almost sorted,85200,3975666,7394000
almost sorted,85300,3816833,7444000
almost sorted,85400,4131000,7338291
almost sorted,85500,4054833,7471375
almost sorted,85600,3886125,7354458
almost sorted,85700,3950333,7421833
almost sorted,85800,3745958,7289875
almost sorted,85900,3888125,7248333
almost sorted,86000,3868875,7254375
almost sorted,86100,3927333,7249375
almost sorted,86200,3806334,7272958
almost sorted,86300,3793000,7272917
almost sorted,86400,4133708,7455291
almost sorted,86500,3940959,7435875
almost sorted,86600,3896958,7525167
almost sorted,86700,3905959,7511500
almost sorted,86800,3934041,7545333
almost sorted,86900,3405875,7564209
almost sorted,87000,4069875,7286833
almost sorted,87100,3540458,7313333
almost sorted,87200,3981416,7507208
almost sorted,87300,4169792,7579250
almost sorted,87400,4008542,7504708
almost sorted,87500,4024375,7447292
almost sorted,87600,4029750,7441541
almost sorted,87700,3842750,7642500
almost sorted,87800,3465916,7684167
almost sorted,87900,4086083,7512833
almost sorted,88000,3925458,7643041
almost sorted,88100,3644666,7699208
almost sorted,88200,4174667,7558208
almost sorted,88300,4002416,7447208
almost sorted,88400,4176083,7553291
almost sorted,88500,4019625,7484375
almost sorted,88600,3993416,7568041
almost sorted,88700,4100833,7793334
almost sorted,88800,3957666,7525166
almost sorted,88900,3982208,7596542
almost sorted,89000,4104625,7771250
almost sorted,89100,4180583,7763125
almost sorted,89200,3952833,7972959
almost sorted,89300,4246667,7744792
almost sorted,89400,4019125,7760125
almost sorted,89500,4199000,7707916
almost sorted,89600,4200709,7578875
almost sorted,89700,4109708,7556000
almost sorted,89800,4147375,7595333
almost sorted,89900,4068333,7644000
almost sorted,90000,4139500,7665709
almost sorted,90100,4094250,7690375
almost sorted,90200,4077083,8102792
almost sorted,90300,4320000,7809166
almost sorted,90400,4051959,7731375
almost sorted,90500,4345625,7837708
almost sorted,90600,3840958,8109958
almost sorted,90700,4479125,7913041
almost sorted,90800,4024667,7798833
almost sorted,90900,4085709,7768667
almost sorted,91000,4162375,7673375
almost sorted,91100,4085709,7712042
almost sorted,91200,4161458,7743167
almost sorted,91300,4148167,7765750
almost sorted,91400,4315542,8006334
almost sorted,91500,4207500,8120500
almost sorted,91600,4202125,7896208
almost sorted,91700,3708959,7982084
almost sorted,91800,4185417,7938167
almost sorted,91900,4428000,8237916
almost sorted,92000,3704833,7892958
almost sorted,92100,4414292,7851875
almost sorted,92200,4172000,7783375
almost sorted,92300,4139125,7898541
almost sorted,92400,4254333,7815542
almost sorted,92500,4164333,7876750
almost sorted,92600,4353625,8134250
almost sorted,92700,4044208,8047500
almost sorted,92800,3874833,8208125
almost sorted,92900,4234458,8075541
almost sorted,93000,4387500,8120000
almost sorted,93100,3879667,8112208
almost sorted,93200,4165708,7995666
almost sorted,93300,4182541,8028958
almost sorted,93400,4154625,8040042
almost sorted,93500,4223208,7966708
almost sorted,93600,4316334,8099125
almost sorted,93700,4309375,8042917
almost sorted,93800,4341375,8136125
almost sorted,93900,3917834,8224708
almost sorted,94000,4450125,8252625
almost sorted,94100,4374250,8629000
almost sorted,94200,4255209,8164292
almost sorted,94300,4563500,8390334
almost sorted,94400,4327625,8032250
almost sorted,94500,4307292,8068625
almost sorted,94600,4247584,8077167
almost sorted,94700,4237333,8112041
almost sorted,94800,4308833,8111250
almost sorted,94900,4592917,8281959
almost sorted,95000,4655458,8303083
almost sorted,95100,3854583,8260750
almost sorted,95200,4302417,8127834
almost sorted,95300,4634875,8321833
almost sorted,95400,4032208,8313583
almost sorted,95500,4013083,8186250
almost sorted,95600,4603083,8592666
almost sorted,95700,4292125,8183166
almost sorted,95800,4408042,8636625
almost sorted,95900,4310250,8612958
almost sorted,96000,4447000,8844125
almost sorted,96100,4499125,8867375
almost sorted,96200,4526542,9303000
almost sorted,96300,4434167,9111417
almost sorted,96400,4461750,8527042
almost sorted,96500,4547250,8434750
almost sorted,96600,4760042,8455000
almost sorted,96700,4514041,8166458
almost sorted,96800,4310500,8266125
almost sorted,96900,4297084,8247667
almost sorted,97000,4434125,8382292
almost sorted,97100,4734583,8455417
almost sorted,97200,4435500,8470667
almost sorted,97300,4807125,8310959
almost sorted,97400,4287417,8427875
almost sorted,97500,4526417,8677333
almost sorted,97600,4830167,8545334
almost sorted,97700,4403750,8294834
almost sorted,97800,4401625,8258458
almost sorted,97900,4516750,8360333
almost sorted,98000,4505042,8338750
almost sorted,98100,4432333,8403500
almost sorted,98200,4527209,8585208
almost sorted,98300,4640875,8704208
almost sorted,98400,4581542,8554500
almost sorted,98500,4666917,8620625
almost sorted,98600,4000542,8580125
almost sorted,98700,4477291,8682417
almost sorted,98800,4572500,8552417
almost sorted,98900,4542041,8540583
almost sorted,99000,4539500,8349541
almost sorted,99100,4534875,8435834
almost sorted,99200,4409750,8579125
almost sorted,99300,4676791,8685750
almost sorted,99400,4545791,8840583
almost sorted,99500,4604083,8757500
almost sorted,99600,4210875,8994000
almost sorted,99700,4657250,8691000
almost sorted,99800,4613792,8634750
almost sorted,99900,4164333,8453459
